-- phpMyAdmin SQL Dump
-- version 5.0.4
-- https://www.phpmyadmin.net/
--
-- Host: 127.0.0.1
-- Generation Time: Jan 06, 2021 at 07:42 AM
-- Server version: 10.4.16-MariaDB
-- PHP Version: 7.4.12

SET SQL_MODE = "NO_AUTO_VALUE_ON_ZERO";
START TRANSACTION;
SET time_zone = "+00:00";


/*!40101 SET @OLD_CHARACTER_SET_CLIENT=@@CHARACTER_SET_CLIENT */;
/*!40101 SET @OLD_CHARACTER_SET_RESULTS=@@CHARACTER_SET_RESULTS */;
/*!40101 SET @OLD_COLLATION_CONNECTION=@@COLLATION_CONNECTION */;
/*!40101 SET NAMES utf8mb4 */;

--
-- Database: `prayer`
--

-- --------------------------------------------------------

--
-- Table structure for table `days`
--

CREATE TABLE `days` (
  `id` bigint(20) UNSIGNED NOT NULL,
  `name` varchar(255) COLLATE utf8mb4_unicode_ci NOT NULL,
  `created_at` timestamp NULL DEFAULT NULL,
  `updated_at` timestamp NULL DEFAULT NULL
) ENGINE=InnoDB DEFAULT CHARSET=utf8mb4 COLLATE=utf8mb4_unicode_ci;

--
-- Dumping data for table `days`
--

INSERT INTO `days` (`id`, `name`, `created_at`, `updated_at`) VALUES
(1, 'Monday', '2021-01-05 03:08:28', '2021-01-05 03:08:28'),
(2, 'Tuesday', '2021-01-05 03:08:28', '2021-01-05 03:08:28'),
(3, 'Wednesday', '2021-01-05 03:08:28', '2021-01-05 03:08:28'),
(4, 'Thursday', '2021-01-05 03:08:28', '2021-01-05 03:08:28'),
(5, 'Friday', '2021-01-05 03:08:28', '2021-01-05 03:08:28'),
(6, 'Saturday', '2021-01-05 03:08:28', '2021-01-05 03:08:28'),
(7, 'Sunday', '2021-01-05 03:08:28', '2021-01-05 03:08:28');

-- --------------------------------------------------------

--
-- Table structure for table `day_month`
--

CREATE TABLE `day_month` (
  `id` bigint(20) UNSIGNED NOT NULL,
  `day_arrangement` tinyint(3) UNSIGNED NOT NULL,
  `created_at` timestamp NULL DEFAULT NULL,
  `updated_at` timestamp NULL DEFAULT NULL,
  `day_id` bigint(20) UNSIGNED NOT NULL,
  `month_id` bigint(20) UNSIGNED NOT NULL
) ENGINE=InnoDB DEFAULT CHARSET=utf8mb4 COLLATE=utf8mb4_unicode_ci;

--
-- Dumping data for table `day_month`
--

INSERT INTO `day_month` (`id`, `day_arrangement`, `created_at`, `updated_at`, `day_id`, `month_id`) VALUES
(1, 1, NULL, NULL, 5, 1),
(2, 2, NULL, NULL, 6, 1),
(3, 3, NULL, NULL, 7, 1),
(4, 4, NULL, NULL, 1, 1),
(5, 5, NULL, NULL, 2, 1),
(6, 6, NULL, NULL, 3, 1),
(7, 7, NULL, NULL, 4, 1),
(8, 8, NULL, NULL, 5, 1),
(9, 9, NULL, NULL, 6, 1),
(10, 10, NULL, NULL, 7, 1),
(11, 11, NULL, NULL, 1, 1),
(12, 12, NULL, NULL, 2, 1),
(13, 13, NULL, NULL, 3, 1),
(14, 14, NULL, NULL, 4, 1),
(15, 15, NULL, NULL, 5, 1),
(16, 16, NULL, NULL, 6, 1),
(17, 17, NULL, NULL, 7, 1),
(18, 18, NULL, NULL, 1, 1),
(19, 19, NULL, NULL, 2, 1),
(20, 20, NULL, NULL, 3, 1),
(21, 21, NULL, NULL, 4, 1),
(22, 22, NULL, NULL, 5, 1),
(23, 23, NULL, NULL, 6, 1),
(24, 24, NULL, NULL, 7, 1),
(25, 25, NULL, NULL, 1, 1),
(26, 26, NULL, NULL, 2, 1),
(27, 27, NULL, NULL, 3, 1),
(28, 28, NULL, NULL, 4, 1),
(29, 29, NULL, NULL, 5, 1),
(30, 30, NULL, NULL, 6, 1),
(31, 31, NULL, NULL, 7, 1),
(32, 1, NULL, NULL, 1, 2),
(33, 2, NULL, NULL, 2, 2),
(34, 3, NULL, NULL, 3, 2),
(35, 4, NULL, NULL, 4, 2),
(36, 5, NULL, NULL, 5, 2),
(37, 6, NULL, NULL, 6, 2),
(38, 7, NULL, NULL, 7, 2),
(39, 8, NULL, NULL, 1, 2),
(40, 9, NULL, NULL, 2, 2),
(41, 10, NULL, NULL, 3, 2),
(42, 11, NULL, NULL, 4, 2),
(43, 12, NULL, NULL, 5, 2),
(44, 13, NULL, NULL, 6, 2),
(45, 14, NULL, NULL, 7, 2),
(46, 15, NULL, NULL, 1, 2),
(47, 16, NULL, NULL, 2, 2),
(48, 17, NULL, NULL, 3, 2),
(49, 18, NULL, NULL, 4, 2),
(50, 19, NULL, NULL, 5, 2),
(51, 20, NULL, NULL, 6, 2),
(52, 21, NULL, NULL, 7, 2),
(53, 22, NULL, NULL, 1, 2),
(54, 23, NULL, NULL, 2, 2),
(55, 24, NULL, NULL, 3, 2),
(56, 25, NULL, NULL, 4, 2),
(57, 26, NULL, NULL, 5, 2),
(58, 27, NULL, NULL, 6, 2),
(59, 28, NULL, NULL, 7, 2),
(60, 1, NULL, NULL, 1, 3),
(61, 2, NULL, NULL, 2, 3),
(62, 3, NULL, NULL, 3, 3),
(63, 4, NULL, NULL, 4, 3),
(64, 5, NULL, NULL, 5, 3),
(65, 6, NULL, NULL, 6, 3),
(66, 7, NULL, NULL, 7, 3),
(67, 8, NULL, NULL, 1, 3),
(68, 9, NULL, NULL, 2, 3),
(69, 10, NULL, NULL, 3, 3),
(70, 11, NULL, NULL, 4, 3),
(71, 12, NULL, NULL, 5, 3),
(72, 13, NULL, NULL, 6, 3),
(73, 14, NULL, NULL, 7, 3),
(74, 15, NULL, NULL, 1, 3),
(75, 16, NULL, NULL, 2, 3),
(76, 17, NULL, NULL, 3, 3),
(77, 18, NULL, NULL, 4, 3),
(78, 19, NULL, NULL, 5, 3),
(79, 20, NULL, NULL, 6, 3),
(80, 21, NULL, NULL, 7, 3),
(81, 22, NULL, NULL, 1, 3),
(82, 23, NULL, NULL, 2, 3),
(83, 24, NULL, NULL, 3, 3),
(84, 25, NULL, NULL, 4, 3),
(85, 26, NULL, NULL, 5, 3),
(86, 27, NULL, NULL, 6, 3),
(87, 28, NULL, NULL, 7, 3),
(88, 29, NULL, NULL, 1, 3),
(89, 30, NULL, NULL, 2, 3),
(90, 31, NULL, NULL, 3, 3),
(91, 1, NULL, NULL, 4, 4),
(92, 2, NULL, NULL, 5, 4),
(93, 3, NULL, NULL, 6, 4),
(94, 4, NULL, NULL, 7, 4),
(95, 5, NULL, NULL, 1, 4),
(96, 6, NULL, NULL, 2, 4),
(97, 7, NULL, NULL, 3, 4),
(98, 8, NULL, NULL, 4, 4),
(99, 9, NULL, NULL, 5, 4),
(100, 10, NULL, NULL, 6, 4),
(101, 11, NULL, NULL, 7, 4),
(102, 12, NULL, NULL, 1, 4),
(103, 13, NULL, NULL, 2, 4),
(104, 14, NULL, NULL, 3, 4),
(105, 15, NULL, NULL, 4, 4),
(106, 16, NULL, NULL, 5, 4),
(107, 17, NULL, NULL, 6, 4),
(108, 18, NULL, NULL, 7, 4),
(109, 19, NULL, NULL, 1, 4),
(110, 20, NULL, NULL, 2, 4),
(111, 21, NULL, NULL, 3, 4),
(112, 22, NULL, NULL, 4, 4),
(113, 23, NULL, NULL, 5, 4),
(114, 24, NULL, NULL, 6, 4),
(115, 25, NULL, NULL, 7, 4),
(116, 26, NULL, NULL, 1, 4),
(117, 27, NULL, NULL, 2, 4),
(118, 28, NULL, NULL, 3, 4),
(119, 29, NULL, NULL, 4, 4),
(120, 30, NULL, NULL, 5, 4),
(121, 1, NULL, NULL, 6, 5),
(122, 2, NULL, NULL, 7, 5),
(123, 3, NULL, NULL, 1, 5),
(124, 4, NULL, NULL, 2, 5),
(125, 5, NULL, NULL, 3, 5),
(126, 6, NULL, NULL, 4, 5),
(127, 7, NULL, NULL, 5, 5),
(128, 8, NULL, NULL, 6, 5),
(129, 9, NULL, NULL, 7, 5),
(130, 10, NULL, NULL, 1, 5),
(131, 11, NULL, NULL, 2, 5),
(132, 12, NULL, NULL, 3, 5),
(133, 13, NULL, NULL, 4, 5),
(134, 14, NULL, NULL, 5, 5),
(135, 15, NULL, NULL, 6, 5),
(136, 16, NULL, NULL, 7, 5),
(137, 17, NULL, NULL, 1, 5),
(138, 18, NULL, NULL, 2, 5),
(139, 19, NULL, NULL, 3, 5),
(140, 20, NULL, NULL, 4, 5),
(141, 21, NULL, NULL, 5, 5),
(142, 22, NULL, NULL, 6, 5),
(143, 23, NULL, NULL, 7, 5),
(144, 24, NULL, NULL, 1, 5),
(145, 25, NULL, NULL, 2, 5),
(146, 26, NULL, NULL, 3, 5),
(147, 27, NULL, NULL, 4, 5),
(148, 28, NULL, NULL, 5, 5),
(149, 29, NULL, NULL, 6, 5),
(150, 30, NULL, NULL, 7, 5),
(151, 31, NULL, NULL, 1, 5),
(152, 1, NULL, NULL, 2, 6),
(153, 2, NULL, NULL, 3, 6),
(154, 3, NULL, NULL, 4, 6),
(155, 4, NULL, NULL, 5, 6),
(156, 5, NULL, NULL, 6, 6),
(157, 6, NULL, NULL, 7, 6),
(158, 7, NULL, NULL, 1, 6),
(159, 8, NULL, NULL, 2, 6),
(160, 9, NULL, NULL, 3, 6),
(161, 10, NULL, NULL, 4, 6),
(162, 11, NULL, NULL, 5, 6),
(163, 12, NULL, NULL, 6, 6),
(164, 13, NULL, NULL, 7, 6),
(165, 14, NULL, NULL, 1, 6),
(166, 15, NULL, NULL, 2, 6),
(167, 16, NULL, NULL, 3, 6),
(168, 17, NULL, NULL, 4, 6),
(169, 18, NULL, NULL, 5, 6),
(170, 19, NULL, NULL, 6, 6),
(171, 20, NULL, NULL, 7, 6),
(172, 21, NULL, NULL, 1, 6),
(173, 22, NULL, NULL, 2, 6),
(174, 23, NULL, NULL, 3, 6),
(175, 24, NULL, NULL, 4, 6),
(176, 25, NULL, NULL, 5, 6),
(177, 26, NULL, NULL, 6, 6),
(178, 27, NULL, NULL, 7, 6),
(179, 28, NULL, NULL, 1, 6),
(180, 29, NULL, NULL, 2, 6),
(181, 30, NULL, NULL, 3, 6),
(182, 1, NULL, NULL, 4, 7),
(183, 2, NULL, NULL, 5, 7),
(184, 3, NULL, NULL, 6, 7),
(185, 4, NULL, NULL, 7, 7),
(186, 5, NULL, NULL, 1, 7),
(187, 6, NULL, NULL, 2, 7),
(188, 7, NULL, NULL, 3, 7),
(189, 8, NULL, NULL, 4, 7),
(190, 9, NULL, NULL, 5, 7),
(191, 10, NULL, NULL, 6, 7),
(192, 11, NULL, NULL, 7, 7),
(193, 12, NULL, NULL, 1, 7),
(194, 13, NULL, NULL, 2, 7),
(195, 14, NULL, NULL, 3, 7),
(196, 15, NULL, NULL, 4, 7),
(197, 16, NULL, NULL, 5, 7),
(198, 17, NULL, NULL, 6, 7),
(199, 18, NULL, NULL, 7, 7),
(200, 19, NULL, NULL, 1, 7),
(201, 20, NULL, NULL, 2, 7),
(202, 21, NULL, NULL, 3, 7),
(203, 22, NULL, NULL, 4, 7),
(204, 23, NULL, NULL, 5, 7),
(205, 24, NULL, NULL, 6, 7),
(206, 25, NULL, NULL, 7, 7),
(207, 26, NULL, NULL, 1, 7),
(208, 27, NULL, NULL, 2, 7),
(209, 28, NULL, NULL, 3, 7),
(210, 29, NULL, NULL, 4, 7),
(211, 30, NULL, NULL, 5, 7),
(212, 31, NULL, NULL, 6, 7),
(213, 1, NULL, NULL, 7, 8),
(214, 2, NULL, NULL, 1, 8),
(215, 3, NULL, NULL, 2, 8),
(216, 4, NULL, NULL, 3, 8),
(217, 5, NULL, NULL, 4, 8),
(218, 6, NULL, NULL, 5, 8),
(219, 7, NULL, NULL, 6, 8),
(220, 8, NULL, NULL, 7, 8),
(221, 9, NULL, NULL, 1, 8),
(222, 10, NULL, NULL, 2, 8),
(223, 11, NULL, NULL, 3, 8),
(224, 12, NULL, NULL, 4, 8),
(225, 13, NULL, NULL, 5, 8),
(226, 14, NULL, NULL, 6, 8),
(227, 15, NULL, NULL, 7, 8),
(228, 16, NULL, NULL, 1, 8),
(229, 17, NULL, NULL, 2, 8),
(230, 18, NULL, NULL, 3, 8),
(231, 19, NULL, NULL, 4, 8),
(232, 20, NULL, NULL, 5, 8),
(233, 21, NULL, NULL, 6, 8),
(234, 22, NULL, NULL, 7, 8),
(235, 23, NULL, NULL, 1, 8),
(236, 24, NULL, NULL, 2, 8),
(237, 25, NULL, NULL, 3, 8),
(238, 26, NULL, NULL, 4, 8),
(239, 27, NULL, NULL, 5, 8),
(240, 28, NULL, NULL, 6, 8),
(241, 29, NULL, NULL, 7, 8),
(242, 30, NULL, NULL, 1, 8),
(243, 31, NULL, NULL, 2, 8),
(244, 1, NULL, NULL, 3, 9),
(245, 2, NULL, NULL, 4, 9),
(246, 3, NULL, NULL, 5, 9),
(247, 4, NULL, NULL, 6, 9),
(248, 5, NULL, NULL, 7, 9),
(249, 6, NULL, NULL, 1, 9),
(250, 7, NULL, NULL, 2, 9),
(251, 8, NULL, NULL, 3, 9),
(252, 9, NULL, NULL, 4, 9),
(253, 10, NULL, NULL, 5, 9),
(254, 11, NULL, NULL, 6, 9),
(255, 12, NULL, NULL, 7, 9),
(256, 13, NULL, NULL, 1, 9),
(257, 14, NULL, NULL, 2, 9),
(258, 15, NULL, NULL, 3, 9),
(259, 16, NULL, NULL, 4, 9),
(260, 17, NULL, NULL, 5, 9),
(261, 18, NULL, NULL, 6, 9),
(262, 19, NULL, NULL, 7, 9),
(263, 20, NULL, NULL, 1, 9),
(264, 21, NULL, NULL, 2, 9),
(265, 22, NULL, NULL, 3, 9),
(266, 23, NULL, NULL, 4, 9),
(267, 24, NULL, NULL, 5, 9),
(268, 25, NULL, NULL, 6, 9),
(269, 26, NULL, NULL, 7, 9),
(270, 27, NULL, NULL, 1, 9),
(271, 28, NULL, NULL, 2, 9),
(272, 29, NULL, NULL, 3, 9),
(273, 30, NULL, NULL, 4, 9),
(274, 1, NULL, NULL, 5, 10),
(275, 2, NULL, NULL, 6, 10),
(276, 3, NULL, NULL, 7, 10),
(277, 4, NULL, NULL, 1, 10),
(278, 5, NULL, NULL, 2, 10),
(279, 6, NULL, NULL, 3, 10),
(280, 7, NULL, NULL, 4, 10),
(281, 8, NULL, NULL, 5, 10),
(282, 9, NULL, NULL, 6, 10),
(283, 10, NULL, NULL, 7, 10),
(284, 11, NULL, NULL, 1, 10),
(285, 12, NULL, NULL, 2, 10),
(286, 13, NULL, NULL, 3, 10),
(287, 14, NULL, NULL, 4, 10),
(288, 15, NULL, NULL, 5, 10),
(289, 16, NULL, NULL, 6, 10),
(290, 17, NULL, NULL, 7, 10),
(291, 18, NULL, NULL, 1, 10),
(292, 19, NULL, NULL, 2, 10),
(293, 20, NULL, NULL, 3, 10),
(294, 21, NULL, NULL, 4, 10),
(295, 22, NULL, NULL, 5, 10),
(296, 23, NULL, NULL, 6, 10),
(297, 24, NULL, NULL, 7, 10),
(298, 25, NULL, NULL, 1, 10),
(299, 26, NULL, NULL, 2, 10),
(300, 27, NULL, NULL, 3, 10),
(301, 28, NULL, NULL, 4, 10),
(302, 29, NULL, NULL, 5, 10),
(303, 30, NULL, NULL, 6, 10),
(304, 31, NULL, NULL, 7, 10),
(305, 1, NULL, NULL, 1, 11),
(306, 2, NULL, NULL, 2, 11),
(307, 3, NULL, NULL, 3, 11),
(308, 4, NULL, NULL, 4, 11),
(309, 5, NULL, NULL, 5, 11),
(310, 6, NULL, NULL, 6, 11),
(311, 7, NULL, NULL, 7, 11),
(312, 8, NULL, NULL, 1, 11),
(313, 9, NULL, NULL, 2, 11),
(314, 10, NULL, NULL, 3, 11),
(315, 11, NULL, NULL, 4, 11),
(316, 12, NULL, NULL, 5, 11),
(317, 13, NULL, NULL, 6, 11),
(318, 14, NULL, NULL, 7, 11),
(319, 15, NULL, NULL, 1, 11),
(320, 16, NULL, NULL, 2, 11),
(321, 17, NULL, NULL, 3, 11),
(322, 18, NULL, NULL, 4, 11),
(323, 19, NULL, NULL, 5, 11),
(324, 20, NULL, NULL, 6, 11),
(325, 21, NULL, NULL, 7, 11),
(326, 22, NULL, NULL, 1, 11),
(327, 23, NULL, NULL, 2, 11),
(328, 24, NULL, NULL, 3, 11),
(329, 25, NULL, NULL, 4, 11),
(330, 26, NULL, NULL, 5, 11),
(331, 27, NULL, NULL, 6, 11),
(332, 28, NULL, NULL, 7, 11),
(333, 29, NULL, NULL, 1, 11),
(334, 30, NULL, NULL, 2, 11),
(335, 1, NULL, NULL, 3, 12),
(336, 2, NULL, NULL, 4, 12),
(337, 3, NULL, NULL, 5, 12),
(338, 4, NULL, NULL, 6, 12),
(339, 5, NULL, NULL, 7, 12),
(340, 6, NULL, NULL, 1, 12),
(341, 7, NULL, NULL, 2, 12),
(342, 8, NULL, NULL, 3, 12),
(343, 9, NULL, NULL, 4, 12),
(344, 10, NULL, NULL, 5, 12),
(345, 11, NULL, NULL, 6, 12),
(346, 12, NULL, NULL, 7, 12),
(347, 13, NULL, NULL, 1, 12),
(348, 14, NULL, NULL, 2, 12),
(349, 15, NULL, NULL, 3, 12),
(350, 16, NULL, NULL, 4, 12),
(351, 17, NULL, NULL, 5, 12),
(352, 18, NULL, NULL, 6, 12),
(353, 19, NULL, NULL, 7, 12),
(354, 20, NULL, NULL, 1, 12),
(355, 21, NULL, NULL, 2, 12),
(356, 22, NULL, NULL, 3, 12),
(357, 23, NULL, NULL, 4, 12),
(358, 24, NULL, NULL, 5, 12),
(359, 25, NULL, NULL, 6, 12),
(360, 26, NULL, NULL, 7, 12),
(361, 27, NULL, NULL, 1, 12),
(362, 28, NULL, NULL, 2, 12),
(363, 29, NULL, NULL, 1, 12),
(364, 30, NULL, NULL, 2, 12),
(365, 31, NULL, NULL, 3, 12);

-- --------------------------------------------------------

--
-- Table structure for table `failed_jobs`
--

CREATE TABLE `failed_jobs` (
  `id` bigint(20) UNSIGNED NOT NULL,
  `uuid` varchar(255) COLLATE utf8mb4_unicode_ci NOT NULL,
  `connection` text COLLATE utf8mb4_unicode_ci NOT NULL,
  `queue` text COLLATE utf8mb4_unicode_ci NOT NULL,
  `payload` longtext COLLATE utf8mb4_unicode_ci NOT NULL,
  `exception` longtext COLLATE utf8mb4_unicode_ci NOT NULL,
  `failed_at` timestamp NOT NULL DEFAULT current_timestamp()
) ENGINE=InnoDB DEFAULT CHARSET=utf8mb4 COLLATE=utf8mb4_unicode_ci;

-- --------------------------------------------------------

--
-- Table structure for table `migrations`
--

CREATE TABLE `migrations` (
  `id` int(10) UNSIGNED NOT NULL,
  `migration` varchar(255) COLLATE utf8mb4_unicode_ci NOT NULL,
  `batch` int(11) NOT NULL
) ENGINE=InnoDB DEFAULT CHARSET=utf8mb4 COLLATE=utf8mb4_unicode_ci;

--
-- Dumping data for table `migrations`
--

INSERT INTO `migrations` (`id`, `migration`, `batch`) VALUES
(1, '2014_10_12_000000_create_users_table', 1),
(2, '2014_10_12_100000_create_password_resets_table', 1),
(3, '2019_08_19_000000_create_failed_jobs_table', 1),
(4, '2021_01_02_095443_create_prayers_table', 1),
(5, '2021_01_02_100430_create_prayer_user_table', 1),
(6, '2021_01_02_210016_create_months_table', 1),
(7, '2021_01_03_083636_create_days_table', 1),
(8, '2021_01_03_092430_create_day_month_table', 1);

-- --------------------------------------------------------

--
-- Table structure for table `months`
--

CREATE TABLE `months` (
  `id` bigint(20) UNSIGNED NOT NULL,
  `name` varchar(255) COLLATE utf8mb4_unicode_ci NOT NULL,
  `days_number` tinyint(3) UNSIGNED NOT NULL DEFAULT 31,
  `created_at` timestamp NULL DEFAULT NULL,
  `updated_at` timestamp NULL DEFAULT NULL
) ENGINE=InnoDB DEFAULT CHARSET=utf8mb4 COLLATE=utf8mb4_unicode_ci;

--
-- Dumping data for table `months`
--

INSERT INTO `months` (`id`, `name`, `days_number`, `created_at`, `updated_at`) VALUES
(1, 'January', 31, NULL, NULL),
(2, 'February', 28, NULL, NULL),
(3, 'March', 31, NULL, NULL),
(4, 'April', 30, NULL, NULL),
(5, 'May', 31, NULL, NULL),
(6, 'June', 30, NULL, NULL),
(7, 'July', 31, NULL, NULL),
(8, 'August', 31, NULL, NULL),
(9, 'September', 30, NULL, NULL),
(10, 'October', 31, NULL, NULL),
(11, 'November', 30, NULL, NULL),
(12, 'December', 31, NULL, NULL);

-- --------------------------------------------------------

--
-- Table structure for table `password_resets`
--

CREATE TABLE `password_resets` (
  `email` varchar(255) COLLATE utf8mb4_unicode_ci NOT NULL,
  `token` varchar(255) COLLATE utf8mb4_unicode_ci NOT NULL,
  `created_at` timestamp NULL DEFAULT NULL
) ENGINE=InnoDB DEFAULT CHARSET=utf8mb4 COLLATE=utf8mb4_unicode_ci;

-- --------------------------------------------------------

--
-- Table structure for table `prayers`
--

CREATE TABLE `prayers` (
  `id` bigint(20) UNSIGNED NOT NULL,
  `name` varchar(255) COLLATE utf8mb4_unicode_ci NOT NULL,
  `created_at` timestamp NULL DEFAULT NULL,
  `updated_at` timestamp NULL DEFAULT NULL
) ENGINE=InnoDB DEFAULT CHARSET=utf8mb4 COLLATE=utf8mb4_unicode_ci;

--
-- Dumping data for table `prayers`
--

INSERT INTO `prayers` (`id`, `name`, `created_at`, `updated_at`) VALUES
(1, 'Fajr', NULL, NULL),
(2, 'Zuher', NULL, NULL),
(3, 'Asr', NULL, NULL),
(4, 'Maghreb', NULL, NULL),
(5, 'Eshaa', NULL, NULL);

-- --------------------------------------------------------

--
-- Table structure for table `prayer_user`
--

CREATE TABLE `prayer_user` (
  `id` bigint(20) UNSIGNED NOT NULL,
  `status` tinyint(3) UNSIGNED NOT NULL DEFAULT 0,
  `month` varchar(255) COLLATE utf8mb4_unicode_ci NOT NULL,
  `day_arrangement` int(11) NOT NULL,
  `prayer_id` bigint(20) UNSIGNED NOT NULL,
  `user_id` bigint(20) UNSIGNED NOT NULL DEFAULT 1,
  `created_at` timestamp NULL DEFAULT NULL,
  `updated_at` timestamp NULL DEFAULT NULL
) ENGINE=InnoDB DEFAULT CHARSET=utf8mb4 COLLATE=utf8mb4_unicode_ci;

--
-- Dumping data for table `prayer_user`
--

INSERT INTO `prayer_user` (`id`, `status`, `month`, `day_arrangement`, `prayer_id`, `user_id`, `created_at`, `updated_at`) VALUES
(1, 0, 'January', 1, 1, 1, NULL, NULL),
(2, 1, 'January', 1, 2, 1, NULL, NULL),
(3, 0, 'January', 1, 3, 1, NULL, NULL),
(4, 0, 'January', 1, 4, 1, NULL, NULL),
(5, 0, 'January', 1, 5, 1, NULL, NULL),
(6, 0, 'January', 2, 1, 1, NULL, NULL),
(7, 0, 'January', 2, 2, 1, NULL, NULL),
(8, 0, 'January', 2, 3, 1, NULL, NULL),
(9, 0, 'January', 2, 4, 1, NULL, NULL),
(10, 0, 'January', 2, 5, 1, NULL, NULL),
(11, 0, 'January', 3, 1, 1, NULL, NULL),
(12, 0, 'January', 3, 2, 1, NULL, NULL),
(13, 0, 'January', 3, 3, 1, NULL, NULL),
(14, 0, 'January', 3, 4, 1, NULL, NULL),
(15, 0, 'January', 3, 5, 1, NULL, NULL),
(16, 1, 'January', 4, 1, 1, NULL, NULL),
(17, 0, 'January', 4, 2, 1, NULL, NULL),
(18, 0, 'January', 4, 3, 1, NULL, NULL),
(19, 0, 'January', 4, 4, 1, NULL, NULL),
(20, 0, 'January', 4, 5, 1, NULL, NULL),
(21, 0, 'January', 5, 1, 1, NULL, NULL),
(22, 0, 'January', 5, 2, 1, NULL, NULL),
(23, 0, 'January', 5, 3, 1, NULL, NULL),
(24, 0, 'January', 5, 4, 1, NULL, NULL),
(25, 0, 'January', 5, 5, 1, NULL, NULL),
(26, 0, 'January', 6, 1, 1, NULL, NULL),
(27, 0, 'January', 6, 2, 1, NULL, NULL),
(28, 0, 'January', 6, 3, 1, NULL, NULL),
(29, 0, 'January', 6, 4, 1, NULL, NULL),
(30, 0, 'January', 6, 5, 1, NULL, NULL),
(31, 0, 'January', 7, 1, 1, NULL, NULL),
(32, 0, 'January', 7, 2, 1, NULL, NULL),
(33, 0, 'January', 7, 3, 1, NULL, NULL),
(34, 0, 'January', 7, 4, 1, NULL, NULL),
(35, 0, 'January', 7, 5, 1, NULL, NULL),
(36, 0, 'January', 8, 1, 1, NULL, NULL),
(37, 0, 'January', 8, 2, 1, NULL, NULL),
(38, 0, 'January', 8, 3, 1, NULL, NULL),
(39, 0, 'January', 8, 4, 1, NULL, NULL),
(40, 0, 'January', 8, 5, 1, NULL, NULL),
(41, 0, 'January', 9, 1, 1, NULL, NULL),
(42, 0, 'January', 9, 2, 1, NULL, NULL),
(43, 0, 'January', 9, 3, 1, NULL, NULL),
(44, 0, 'January', 9, 4, 1, NULL, NULL),
(45, 0, 'January', 9, 5, 1, NULL, NULL),
(46, 0, 'January', 10, 1, 1, NULL, NULL),
(47, 0, 'January', 10, 2, 1, NULL, NULL),
(48, 0, 'January', 10, 3, 1, NULL, NULL),
(49, 0, 'January', 10, 4, 1, NULL, NULL),
(50, 0, 'January', 10, 5, 1, NULL, NULL),
(51, 0, 'January', 11, 1, 1, NULL, NULL),
(52, 0, 'January', 11, 2, 1, NULL, NULL),
(53, 0, 'January', 11, 3, 1, NULL, NULL),
(54, 0, 'January', 11, 4, 1, NULL, NULL),
(55, 0, 'January', 11, 5, 1, NULL, NULL),
(56, 0, 'January', 12, 1, 1, NULL, NULL),
(57, 0, 'January', 12, 2, 1, NULL, NULL),
(58, 0, 'January', 12, 3, 1, NULL, NULL),
(59, 0, 'January', 12, 4, 1, NULL, NULL),
(60, 0, 'January', 12, 5, 1, NULL, NULL),
(61, 0, 'January', 13, 1, 1, NULL, NULL),
(62, 0, 'January', 13, 2, 1, NULL, NULL),
(63, 0, 'January', 13, 3, 1, NULL, NULL),
(64, 0, 'January', 13, 4, 1, NULL, NULL),
(65, 0, 'January', 13, 5, 1, NULL, NULL),
(66, 0, 'January', 14, 1, 1, NULL, NULL),
(67, 0, 'January', 14, 2, 1, NULL, NULL),
(68, 0, 'January', 14, 3, 1, NULL, NULL),
(69, 0, 'January', 14, 4, 1, NULL, NULL),
(70, 0, 'January', 14, 5, 1, NULL, NULL),
(71, 0, 'January', 15, 1, 1, NULL, NULL),
(72, 0, 'January', 15, 2, 1, NULL, NULL),
(73, 0, 'January', 15, 3, 1, NULL, NULL),
(74, 0, 'January', 15, 4, 1, NULL, NULL),
(75, 0, 'January', 15, 5, 1, NULL, NULL),
(76, 0, 'January', 16, 1, 1, NULL, NULL),
(77, 0, 'January', 16, 2, 1, NULL, NULL),
(78, 0, 'January', 16, 3, 1, NULL, NULL),
(79, 0, 'January', 16, 4, 1, NULL, NULL),
(80, 0, 'January', 16, 5, 1, NULL, NULL),
(81, 0, 'January', 17, 1, 1, NULL, NULL),
(82, 0, 'January', 17, 2, 1, NULL, NULL),
(83, 0, 'January', 17, 3, 1, NULL, NULL),
(84, 0, 'January', 17, 4, 1, NULL, NULL),
(85, 0, 'January', 17, 5, 1, NULL, NULL),
(86, 0, 'January', 18, 1, 1, NULL, NULL),
(87, 0, 'January', 18, 2, 1, NULL, NULL),
(88, 0, 'January', 18, 3, 1, NULL, NULL),
(89, 0, 'January', 18, 4, 1, NULL, NULL),
(90, 0, 'January', 18, 5, 1, NULL, NULL),
(91, 0, 'January', 19, 1, 1, NULL, NULL),
(92, 0, 'January', 19, 2, 1, NULL, NULL),
(93, 0, 'January', 19, 3, 1, NULL, NULL),
(94, 0, 'January', 19, 4, 1, NULL, NULL),
(95, 0, 'January', 19, 5, 1, NULL, NULL),
(96, 0, 'January', 20, 1, 1, NULL, NULL),
(97, 0, 'January', 20, 2, 1, NULL, NULL),
(98, 0, 'January', 20, 3, 1, NULL, NULL),
(99, 0, 'January', 20, 4, 1, NULL, NULL),
(100, 0, 'January', 20, 5, 1, NULL, NULL),
(101, 0, 'January', 21, 1, 1, NULL, NULL),
(102, 0, 'January', 21, 2, 1, NULL, NULL),
(103, 0, 'January', 21, 3, 1, NULL, NULL),
(104, 0, 'January', 21, 4, 1, NULL, NULL),
(105, 0, 'January', 21, 5, 1, NULL, NULL),
(106, 0, 'January', 22, 1, 1, NULL, NULL),
(107, 0, 'January', 22, 2, 1, NULL, NULL),
(108, 0, 'January', 22, 3, 1, NULL, NULL),
(109, 0, 'January', 22, 4, 1, NULL, NULL),
(110, 0, 'January', 22, 5, 1, NULL, NULL),
(111, 0, 'January', 23, 1, 1, NULL, NULL),
(112, 0, 'January', 23, 2, 1, NULL, NULL),
(113, 0, 'January', 23, 3, 1, NULL, NULL),
(114, 0, 'January', 23, 4, 1, NULL, NULL),
(115, 0, 'January', 23, 5, 1, NULL, NULL),
(116, 0, 'January', 24, 1, 1, NULL, NULL),
(117, 0, 'January', 24, 2, 1, NULL, NULL),
(118, 0, 'January', 24, 3, 1, NULL, NULL),
(119, 0, 'January', 24, 4, 1, NULL, NULL),
(120, 0, 'January', 24, 5, 1, NULL, NULL),
(121, 0, 'January', 25, 1, 1, NULL, NULL),
(122, 0, 'January', 25, 2, 1, NULL, NULL),
(123, 0, 'January', 25, 3, 1, NULL, NULL),
(124, 0, 'January', 25, 4, 1, NULL, NULL),
(125, 0, 'January', 25, 5, 1, NULL, NULL),
(126, 0, 'January', 26, 1, 1, NULL, NULL),
(127, 0, 'January', 26, 2, 1, NULL, NULL),
(128, 0, 'January', 26, 3, 1, NULL, NULL),
(129, 0, 'January', 26, 4, 1, NULL, NULL),
(130, 0, 'January', 26, 5, 1, NULL, NULL),
(131, 0, 'January', 27, 1, 1, NULL, NULL),
(132, 0, 'January', 27, 2, 1, NULL, NULL),
(133, 0, 'January', 27, 3, 1, NULL, NULL),
(134, 0, 'January', 27, 4, 1, NULL, NULL),
(135, 0, 'January', 27, 5, 1, NULL, NULL),
(136, 0, 'January', 28, 1, 1, NULL, NULL),
(137, 0, 'January', 28, 2, 1, NULL, NULL),
(138, 0, 'January', 28, 3, 1, NULL, NULL),
(139, 0, 'January', 28, 4, 1, NULL, NULL),
(140, 0, 'January', 28, 5, 1, NULL, NULL),
(141, 0, 'January', 29, 1, 1, NULL, NULL),
(142, 0, 'January', 29, 2, 1, NULL, NULL),
(143, 0, 'January', 29, 3, 1, NULL, NULL),
(144, 0, 'January', 29, 4, 1, NULL, NULL),
(145, 0, 'January', 29, 5, 1, NULL, NULL),
(146, 0, 'January', 30, 1, 1, NULL, NULL),
(147, 0, 'January', 30, 2, 1, NULL, NULL),
(148, 0, 'January', 30, 3, 1, NULL, NULL),
(149, 0, 'January', 30, 4, 1, NULL, NULL),
(150, 0, 'January', 30, 5, 1, NULL, NULL),
(151, 0, 'January', 31, 1, 1, NULL, NULL),
(152, 0, 'January', 31, 2, 1, NULL, NULL),
(153, 0, 'January', 31, 3, 1, NULL, NULL),
(154, 0, 'January', 31, 4, 1, NULL, NULL),
(155, 0, 'January', 31, 5, 1, NULL, NULL),
(156, 0, 'February', 1, 1, 1, NULL, NULL),
(157, 0, 'February', 1, 2, 1, NULL, NULL),
(158, 0, 'February', 1, 3, 1, NULL, NULL),
(159, 0, 'February', 1, 4, 1, NULL, NULL),
(160, 0, 'February', 1, 5, 1, NULL, NULL),
(161, 0, 'February', 2, 1, 1, NULL, NULL),
(162, 0, 'February', 2, 2, 1, NULL, NULL),
(163, 0, 'February', 2, 3, 1, NULL, NULL),
(164, 0, 'February', 2, 4, 1, NULL, NULL),
(165, 0, 'February', 2, 5, 1, NULL, NULL),
(166, 0, 'February', 3, 1, 1, NULL, NULL),
(167, 0, 'February', 3, 2, 1, NULL, NULL),
(168, 0, 'February', 3, 3, 1, NULL, NULL),
(169, 0, 'February', 3, 4, 1, NULL, NULL),
(170, 0, 'February', 3, 5, 1, NULL, NULL),
(171, 0, 'February', 4, 1, 1, NULL, NULL),
(172, 0, 'February', 4, 2, 1, NULL, NULL),
(173, 0, 'February', 4, 3, 1, NULL, NULL),
(174, 0, 'February', 4, 4, 1, NULL, NULL),
(175, 0, 'February', 4, 5, 1, NULL, NULL),
(176, 0, 'February', 5, 1, 1, NULL, NULL),
(177, 0, 'February', 5, 2, 1, NULL, NULL),
(178, 0, 'February', 5, 3, 1, NULL, NULL),
(179, 0, 'February', 5, 4, 1, NULL, NULL),
(180, 0, 'February', 5, 5, 1, NULL, NULL),
(181, 0, 'February', 6, 1, 1, NULL, NULL),
(182, 0, 'February', 6, 2, 1, NULL, NULL),
(183, 0, 'February', 6, 3, 1, NULL, NULL),
(184, 0, 'February', 6, 4, 1, NULL, NULL),
(185, 0, 'February', 6, 5, 1, NULL, NULL),
(186, 0, 'February', 7, 1, 1, NULL, NULL),
(187, 0, 'February', 7, 2, 1, NULL, NULL),
(188, 0, 'February', 7, 3, 1, NULL, NULL),
(189, 0, 'February', 7, 4, 1, NULL, NULL),
(190, 0, 'February', 7, 5, 1, NULL, NULL),
(191, 0, 'February', 8, 1, 1, NULL, NULL),
(192, 0, 'February', 8, 2, 1, NULL, NULL),
(193, 0, 'February', 8, 3, 1, NULL, NULL),
(194, 0, 'February', 8, 4, 1, NULL, NULL),
(195, 0, 'February', 8, 5, 1, NULL, NULL),
(196, 0, 'February', 9, 1, 1, NULL, NULL),
(197, 0, 'February', 9, 2, 1, NULL, NULL),
(198, 0, 'February', 9, 3, 1, NULL, NULL),
(199, 0, 'February', 9, 4, 1, NULL, NULL),
(200, 0, 'February', 9, 5, 1, NULL, NULL),
(201, 0, 'February', 10, 1, 1, NULL, NULL),
(202, 0, 'February', 10, 2, 1, NULL, NULL),
(203, 0, 'February', 10, 3, 1, NULL, NULL),
(204, 0, 'February', 10, 4, 1, NULL, NULL),
(205, 0, 'February', 10, 5, 1, NULL, NULL),
(206, 0, 'February', 11, 1, 1, NULL, NULL),
(207, 0, 'February', 11, 2, 1, NULL, NULL),
(208, 0, 'February', 11, 3, 1, NULL, NULL),
(209, 0, 'February', 11, 4, 1, NULL, NULL),
(210, 0, 'February', 11, 5, 1, NULL, NULL),
(211, 0, 'February', 12, 1, 1, NULL, NULL),
(212, 0, 'February', 12, 2, 1, NULL, NULL),
(213, 0, 'February', 12, 3, 1, NULL, NULL),
(214, 0, 'February', 12, 4, 1, NULL, NULL),
(215, 0, 'February', 12, 5, 1, NULL, NULL),
(216, 0, 'February', 13, 1, 1, NULL, NULL),
(217, 0, 'February', 13, 2, 1, NULL, NULL),
(218, 0, 'February', 13, 3, 1, NULL, NULL),
(219, 0, 'February', 13, 4, 1, NULL, NULL),
(220, 0, 'February', 13, 5, 1, NULL, NULL),
(221, 0, 'February', 14, 1, 1, NULL, NULL),
(222, 0, 'February', 14, 2, 1, NULL, NULL),
(223, 0, 'February', 14, 3, 1, NULL, NULL),
(224, 0, 'February', 14, 4, 1, NULL, NULL),
(225, 0, 'February', 14, 5, 1, NULL, NULL),
(226, 0, 'February', 15, 1, 1, NULL, NULL),
(227, 0, 'February', 15, 2, 1, NULL, NULL),
(228, 0, 'February', 15, 3, 1, NULL, NULL),
(229, 0, 'February', 15, 4, 1, NULL, NULL),
(230, 0, 'February', 15, 5, 1, NULL, NULL),
(231, 0, 'February', 16, 1, 1, NULL, NULL),
(232, 0, 'February', 16, 2, 1, NULL, NULL),
(233, 0, 'February', 16, 3, 1, NULL, NULL),
(234, 0, 'February', 16, 4, 1, NULL, NULL),
(235, 0, 'February', 16, 5, 1, NULL, NULL),
(236, 0, 'February', 17, 1, 1, NULL, NULL),
(237, 0, 'February', 17, 2, 1, NULL, NULL),
(238, 0, 'February', 17, 3, 1, NULL, NULL),
(239, 0, 'February', 17, 4, 1, NULL, NULL),
(240, 0, 'February', 17, 5, 1, NULL, NULL),
(241, 0, 'February', 18, 1, 1, NULL, NULL),
(242, 0, 'February', 18, 2, 1, NULL, NULL),
(243, 0, 'February', 18, 3, 1, NULL, NULL),
(244, 0, 'February', 18, 4, 1, NULL, NULL),
(245, 0, 'February', 18, 5, 1, NULL, NULL),
(246, 0, 'February', 19, 1, 1, NULL, NULL),
(247, 0, 'February', 19, 2, 1, NULL, NULL),
(248, 0, 'February', 19, 3, 1, NULL, NULL),
(249, 0, 'February', 19, 4, 1, NULL, NULL),
(250, 0, 'February', 19, 5, 1, NULL, NULL),
(251, 0, 'February', 20, 1, 1, NULL, NULL),
(252, 0, 'February', 20, 2, 1, NULL, NULL),
(253, 0, 'February', 20, 3, 1, NULL, NULL),
(254, 0, 'February', 20, 4, 1, NULL, NULL),
(255, 0, 'February', 20, 5, 1, NULL, NULL),
(256, 0, 'February', 21, 1, 1, NULL, NULL),
(257, 0, 'February', 21, 2, 1, NULL, NULL),
(258, 0, 'February', 21, 3, 1, NULL, NULL),
(259, 0, 'February', 21, 4, 1, NULL, NULL),
(260, 0, 'February', 21, 5, 1, NULL, NULL),
(261, 0, 'February', 22, 1, 1, NULL, NULL),
(262, 0, 'February', 22, 2, 1, NULL, NULL),
(263, 0, 'February', 22, 3, 1, NULL, NULL),
(264, 0, 'February', 22, 4, 1, NULL, NULL),
(265, 0, 'February', 22, 5, 1, NULL, NULL),
(266, 0, 'February', 23, 1, 1, NULL, NULL),
(267, 0, 'February', 23, 2, 1, NULL, NULL),
(268, 0, 'February', 23, 3, 1, NULL, NULL),
(269, 0, 'February', 23, 4, 1, NULL, NULL),
(270, 0, 'February', 23, 5, 1, NULL, NULL),
(271, 0, 'February', 24, 1, 1, NULL, NULL),
(272, 0, 'February', 24, 2, 1, NULL, NULL),
(273, 0, 'February', 24, 3, 1, NULL, NULL),
(274, 0, 'February', 24, 4, 1, NULL, NULL),
(275, 0, 'February', 24, 5, 1, NULL, NULL),
(276, 0, 'February', 25, 1, 1, NULL, NULL),
(277, 0, 'February', 25, 2, 1, NULL, NULL),
(278, 0, 'February', 25, 3, 1, NULL, NULL),
(279, 0, 'February', 25, 4, 1, NULL, NULL),
(280, 0, 'February', 25, 5, 1, NULL, NULL),
(281, 0, 'February', 26, 1, 1, NULL, NULL),
(282, 0, 'February', 26, 2, 1, NULL, NULL),
(283, 0, 'February', 26, 3, 1, NULL, NULL),
(284, 0, 'February', 26, 4, 1, NULL, NULL),
(285, 0, 'February', 26, 5, 1, NULL, NULL),
(286, 0, 'February', 27, 1, 1, NULL, NULL),
(287, 0, 'February', 27, 2, 1, NULL, NULL),
(288, 0, 'February', 27, 3, 1, NULL, NULL),
(289, 0, 'February', 27, 4, 1, NULL, NULL),
(290, 0, 'February', 27, 5, 1, NULL, NULL),
(291, 0, 'February', 28, 1, 1, NULL, NULL),
(292, 0, 'February', 28, 2, 1, NULL, NULL),
(293, 0, 'February', 28, 3, 1, NULL, NULL),
(294, 0, 'February', 28, 4, 1, NULL, NULL),
(295, 0, 'February', 28, 5, 1, NULL, NULL),
(296, 0, 'March', 1, 1, 1, NULL, NULL),
(297, 0, 'March', 1, 2, 1, NULL, NULL),
(298, 0, 'March', 1, 3, 1, NULL, NULL),
(299, 0, 'March', 1, 4, 1, NULL, NULL),
(300, 0, 'March', 1, 5, 1, NULL, NULL),
(301, 0, 'March', 2, 1, 1, NULL, NULL),
(302, 0, 'March', 2, 2, 1, NULL, NULL),
(303, 0, 'March', 2, 3, 1, NULL, NULL),
(304, 0, 'March', 2, 4, 1, NULL, NULL),
(305, 0, 'March', 2, 5, 1, NULL, NULL),
(306, 0, 'March', 3, 1, 1, NULL, NULL),
(307, 0, 'March', 3, 2, 1, NULL, NULL),
(308, 0, 'March', 3, 3, 1, NULL, NULL),
(309, 0, 'March', 3, 4, 1, NULL, NULL),
(310, 0, 'March', 3, 5, 1, NULL, NULL),
(311, 0, 'March', 4, 1, 1, NULL, NULL),
(312, 0, 'March', 4, 2, 1, NULL, NULL),
(313, 0, 'March', 4, 3, 1, NULL, NULL),
(314, 0, 'March', 4, 4, 1, NULL, NULL),
(315, 0, 'March', 4, 5, 1, NULL, NULL),
(316, 0, 'March', 5, 1, 1, NULL, NULL),
(317, 0, 'March', 5, 2, 1, NULL, NULL),
(318, 0, 'March', 5, 3, 1, NULL, NULL),
(319, 0, 'March', 5, 4, 1, NULL, NULL),
(320, 0, 'March', 5, 5, 1, NULL, NULL),
(321, 0, 'March', 6, 1, 1, NULL, NULL),
(322, 0, 'March', 6, 2, 1, NULL, NULL),
(323, 0, 'March', 6, 3, 1, NULL, NULL),
(324, 0, 'March', 6, 4, 1, NULL, NULL),
(325, 0, 'March', 6, 5, 1, NULL, NULL),
(326, 0, 'March', 7, 1, 1, NULL, NULL),
(327, 0, 'March', 7, 2, 1, NULL, NULL),
(328, 0, 'March', 7, 3, 1, NULL, NULL),
(329, 0, 'March', 7, 4, 1, NULL, NULL),
(330, 0, 'March', 7, 5, 1, NULL, NULL),
(331, 0, 'March', 8, 1, 1, NULL, NULL),
(332, 0, 'March', 8, 2, 1, NULL, NULL),
(333, 0, 'March', 8, 3, 1, NULL, NULL),
(334, 0, 'March', 8, 4, 1, NULL, NULL),
(335, 0, 'March', 8, 5, 1, NULL, NULL),
(336, 0, 'March', 9, 1, 1, NULL, NULL),
(337, 0, 'March', 9, 2, 1, NULL, NULL),
(338, 0, 'March', 9, 3, 1, NULL, NULL),
(339, 0, 'March', 9, 4, 1, NULL, NULL),
(340, 0, 'March', 9, 5, 1, NULL, NULL),
(341, 0, 'March', 10, 1, 1, NULL, NULL),
(342, 0, 'March', 10, 2, 1, NULL, NULL),
(343, 0, 'March', 10, 3, 1, NULL, NULL),
(344, 0, 'March', 10, 4, 1, NULL, NULL),
(345, 0, 'March', 10, 5, 1, NULL, NULL),
(346, 0, 'March', 11, 1, 1, NULL, NULL),
(347, 0, 'March', 11, 2, 1, NULL, NULL),
(348, 0, 'March', 11, 3, 1, NULL, NULL),
(349, 0, 'March', 11, 4, 1, NULL, NULL),
(350, 0, 'March', 11, 5, 1, NULL, NULL),
(351, 0, 'March', 12, 1, 1, NULL, NULL),
(352, 0, 'March', 12, 2, 1, NULL, NULL),
(353, 0, 'March', 12, 3, 1, NULL, NULL),
(354, 0, 'March', 12, 4, 1, NULL, NULL),
(355, 0, 'March', 12, 5, 1, NULL, NULL),
(356, 0, 'March', 13, 1, 1, NULL, NULL),
(357, 0, 'March', 13, 2, 1, NULL, NULL),
(358, 0, 'March', 13, 3, 1, NULL, NULL),
(359, 0, 'March', 13, 4, 1, NULL, NULL),
(360, 0, 'March', 13, 5, 1, NULL, NULL),
(361, 0, 'March', 14, 1, 1, NULL, NULL),
(362, 0, 'March', 14, 2, 1, NULL, NULL),
(363, 0, 'March', 14, 3, 1, NULL, NULL),
(364, 0, 'March', 14, 4, 1, NULL, NULL),
(365, 0, 'March', 14, 5, 1, NULL, NULL),
(366, 0, 'March', 15, 1, 1, NULL, NULL),
(367, 0, 'March', 15, 2, 1, NULL, NULL),
(368, 0, 'March', 15, 3, 1, NULL, NULL),
(369, 0, 'March', 15, 4, 1, NULL, NULL),
(370, 0, 'March', 15, 5, 1, NULL, NULL),
(371, 0, 'March', 16, 1, 1, NULL, NULL),
(372, 0, 'March', 16, 2, 1, NULL, NULL),
(373, 0, 'March', 16, 3, 1, NULL, NULL),
(374, 0, 'March', 16, 4, 1, NULL, NULL),
(375, 0, 'March', 16, 5, 1, NULL, NULL),
(376, 0, 'March', 17, 1, 1, NULL, NULL),
(377, 0, 'March', 17, 2, 1, NULL, NULL),
(378, 0, 'March', 17, 3, 1, NULL, NULL),
(379, 0, 'March', 17, 4, 1, NULL, NULL),
(380, 0, 'March', 17, 5, 1, NULL, NULL),
(381, 0, 'March', 18, 1, 1, NULL, NULL),
(382, 0, 'March', 18, 2, 1, NULL, NULL),
(383, 0, 'March', 18, 3, 1, NULL, NULL),
(384, 0, 'March', 18, 4, 1, NULL, NULL),
(385, 0, 'March', 18, 5, 1, NULL, NULL),
(386, 0, 'March', 19, 1, 1, NULL, NULL),
(387, 0, 'March', 19, 2, 1, NULL, NULL),
(388, 0, 'March', 19, 3, 1, NULL, NULL),
(389, 0, 'March', 19, 4, 1, NULL, NULL),
(390, 0, 'March', 19, 5, 1, NULL, NULL),
(391, 0, 'March', 20, 1, 1, NULL, NULL),
(392, 0, 'March', 20, 2, 1, NULL, NULL),
(393, 0, 'March', 20, 3, 1, NULL, NULL),
(394, 0, 'March', 20, 4, 1, NULL, NULL),
(395, 0, 'March', 20, 5, 1, NULL, NULL),
(396, 0, 'March', 21, 1, 1, NULL, NULL),
(397, 0, 'March', 21, 2, 1, NULL, NULL),
(398, 0, 'March', 21, 3, 1, NULL, NULL),
(399, 0, 'March', 21, 4, 1, NULL, NULL),
(400, 0, 'March', 21, 5, 1, NULL, NULL),
(401, 0, 'March', 22, 1, 1, NULL, NULL),
(402, 0, 'March', 22, 2, 1, NULL, NULL),
(403, 0, 'March', 22, 3, 1, NULL, NULL),
(404, 0, 'March', 22, 4, 1, NULL, NULL),
(405, 0, 'March', 22, 5, 1, NULL, NULL),
(406, 0, 'March', 23, 1, 1, NULL, NULL),
(407, 0, 'March', 23, 2, 1, NULL, NULL),
(408, 0, 'March', 23, 3, 1, NULL, NULL),
(409, 0, 'March', 23, 4, 1, NULL, NULL),
(410, 0, 'March', 23, 5, 1, NULL, NULL),
(411, 0, 'March', 24, 1, 1, NULL, NULL),
(412, 0, 'March', 24, 2, 1, NULL, NULL),
(413, 0, 'March', 24, 3, 1, NULL, NULL),
(414, 0, 'March', 24, 4, 1, NULL, NULL),
(415, 0, 'March', 24, 5, 1, NULL, NULL),
(416, 0, 'March', 25, 1, 1, NULL, NULL),
(417, 0, 'March', 25, 2, 1, NULL, NULL),
(418, 0, 'March', 25, 3, 1, NULL, NULL),
(419, 0, 'March', 25, 4, 1, NULL, NULL),
(420, 0, 'March', 25, 5, 1, NULL, NULL),
(421, 0, 'March', 26, 1, 1, NULL, NULL),
(422, 0, 'March', 26, 2, 1, NULL, NULL),
(423, 0, 'March', 26, 3, 1, NULL, NULL),
(424, 0, 'March', 26, 4, 1, NULL, NULL),
(425, 0, 'March', 26, 5, 1, NULL, NULL),
(426, 0, 'March', 27, 1, 1, NULL, NULL),
(427, 0, 'March', 27, 2, 1, NULL, NULL),
(428, 0, 'March', 27, 3, 1, NULL, NULL),
(429, 0, 'March', 27, 4, 1, NULL, NULL),
(430, 0, 'March', 27, 5, 1, NULL, NULL),
(431, 0, 'March', 28, 1, 1, NULL, NULL),
(432, 0, 'March', 28, 2, 1, NULL, NULL),
(433, 0, 'March', 28, 3, 1, NULL, NULL),
(434, 0, 'March', 28, 4, 1, NULL, NULL),
(435, 0, 'March', 28, 5, 1, NULL, NULL),
(436, 0, 'March', 29, 1, 1, NULL, NULL),
(437, 0, 'March', 29, 2, 1, NULL, NULL),
(438, 0, 'March', 29, 3, 1, NULL, NULL),
(439, 0, 'March', 29, 4, 1, NULL, NULL),
(440, 0, 'March', 29, 5, 1, NULL, NULL),
(441, 0, 'March', 30, 1, 1, NULL, NULL),
(442, 0, 'March', 30, 2, 1, NULL, NULL),
(443, 0, 'March', 30, 3, 1, NULL, NULL),
(444, 0, 'March', 30, 4, 1, NULL, NULL),
(445, 0, 'March', 30, 5, 1, NULL, NULL),
(446, 0, 'March', 31, 1, 1, NULL, NULL),
(447, 0, 'March', 31, 2, 1, NULL, NULL),
(448, 0, 'March', 31, 3, 1, NULL, NULL),
(449, 0, 'March', 31, 4, 1, NULL, NULL),
(450, 0, 'March', 31, 5, 1, NULL, NULL),
(451, 0, 'April', 1, 1, 1, NULL, NULL),
(452, 0, 'April', 1, 2, 1, NULL, NULL),
(453, 0, 'April', 1, 3, 1, NULL, NULL),
(454, 0, 'April', 1, 4, 1, NULL, NULL),
(455, 0, 'April', 1, 5, 1, NULL, NULL),
(456, 0, 'April', 2, 1, 1, NULL, NULL),
(457, 0, 'April', 2, 2, 1, NULL, NULL),
(458, 0, 'April', 2, 3, 1, NULL, NULL),
(459, 0, 'April', 2, 4, 1, NULL, NULL),
(460, 0, 'April', 2, 5, 1, NULL, NULL),
(461, 0, 'April', 3, 1, 1, NULL, NULL),
(462, 0, 'April', 3, 2, 1, NULL, NULL),
(463, 0, 'April', 3, 3, 1, NULL, NULL),
(464, 0, 'April', 3, 4, 1, NULL, NULL),
(465, 0, 'April', 3, 5, 1, NULL, NULL),
(466, 0, 'April', 4, 1, 1, NULL, NULL),
(467, 0, 'April', 4, 2, 1, NULL, NULL),
(468, 0, 'April', 4, 3, 1, NULL, NULL),
(469, 0, 'April', 4, 4, 1, NULL, NULL),
(470, 0, 'April', 4, 5, 1, NULL, NULL),
(471, 0, 'April', 5, 1, 1, NULL, NULL),
(472, 0, 'April', 5, 2, 1, NULL, NULL),
(473, 0, 'April', 5, 3, 1, NULL, NULL),
(474, 0, 'April', 5, 4, 1, NULL, NULL),
(475, 0, 'April', 5, 5, 1, NULL, NULL),
(476, 0, 'April', 6, 1, 1, NULL, NULL),
(477, 0, 'April', 6, 2, 1, NULL, NULL),
(478, 0, 'April', 6, 3, 1, NULL, NULL),
(479, 0, 'April', 6, 4, 1, NULL, NULL),
(480, 0, 'April', 6, 5, 1, NULL, NULL),
(481, 0, 'April', 7, 1, 1, NULL, NULL),
(482, 0, 'April', 7, 2, 1, NULL, NULL),
(483, 0, 'April', 7, 3, 1, NULL, NULL),
(484, 0, 'April', 7, 4, 1, NULL, NULL),
(485, 0, 'April', 7, 5, 1, NULL, NULL),
(486, 0, 'April', 8, 1, 1, NULL, NULL),
(487, 0, 'April', 8, 2, 1, NULL, NULL),
(488, 0, 'April', 8, 3, 1, NULL, NULL),
(489, 0, 'April', 8, 4, 1, NULL, NULL),
(490, 0, 'April', 8, 5, 1, NULL, NULL),
(491, 0, 'April', 9, 1, 1, NULL, NULL),
(492, 0, 'April', 9, 2, 1, NULL, NULL),
(493, 0, 'April', 9, 3, 1, NULL, NULL),
(494, 0, 'April', 9, 4, 1, NULL, NULL),
(495, 0, 'April', 9, 5, 1, NULL, NULL),
(496, 0, 'April', 10, 1, 1, NULL, NULL),
(497, 0, 'April', 10, 2, 1, NULL, NULL),
(498, 0, 'April', 10, 3, 1, NULL, NULL),
(499, 0, 'April', 10, 4, 1, NULL, NULL),
(500, 0, 'April', 10, 5, 1, NULL, NULL),
(501, 0, 'April', 11, 1, 1, NULL, NULL),
(502, 0, 'April', 11, 2, 1, NULL, NULL),
(503, 0, 'April', 11, 3, 1, NULL, NULL),
(504, 0, 'April', 11, 4, 1, NULL, NULL),
(505, 0, 'April', 11, 5, 1, NULL, NULL),
(506, 0, 'April', 12, 1, 1, NULL, NULL),
(507, 0, 'April', 12, 2, 1, NULL, NULL),
(508, 0, 'April', 12, 3, 1, NULL, NULL),
(509, 0, 'April', 12, 4, 1, NULL, NULL),
(510, 0, 'April', 12, 5, 1, NULL, NULL),
(511, 0, 'April', 13, 1, 1, NULL, NULL),
(512, 0, 'April', 13, 2, 1, NULL, NULL),
(513, 0, 'April', 13, 3, 1, NULL, NULL),
(514, 0, 'April', 13, 4, 1, NULL, NULL),
(515, 0, 'April', 13, 5, 1, NULL, NULL),
(516, 0, 'April', 14, 1, 1, NULL, NULL),
(517, 0, 'April', 14, 2, 1, NULL, NULL),
(518, 0, 'April', 14, 3, 1, NULL, NULL),
(519, 0, 'April', 14, 4, 1, NULL, NULL),
(520, 0, 'April', 14, 5, 1, NULL, NULL),
(521, 0, 'April', 15, 1, 1, NULL, NULL),
(522, 0, 'April', 15, 2, 1, NULL, NULL),
(523, 0, 'April', 15, 3, 1, NULL, NULL),
(524, 0, 'April', 15, 4, 1, NULL, NULL),
(525, 0, 'April', 15, 5, 1, NULL, NULL),
(526, 0, 'April', 16, 1, 1, NULL, NULL),
(527, 0, 'April', 16, 2, 1, NULL, NULL),
(528, 0, 'April', 16, 3, 1, NULL, NULL),
(529, 0, 'April', 16, 4, 1, NULL, NULL),
(530, 0, 'April', 16, 5, 1, NULL, NULL),
(531, 0, 'April', 17, 1, 1, NULL, NULL),
(532, 0, 'April', 17, 2, 1, NULL, NULL),
(533, 0, 'April', 17, 3, 1, NULL, NULL),
(534, 0, 'April', 17, 4, 1, NULL, NULL),
(535, 0, 'April', 17, 5, 1, NULL, NULL),
(536, 0, 'April', 18, 1, 1, NULL, NULL),
(537, 0, 'April', 18, 2, 1, NULL, NULL),
(538, 0, 'April', 18, 3, 1, NULL, NULL),
(539, 0, 'April', 18, 4, 1, NULL, NULL),
(540, 0, 'April', 18, 5, 1, NULL, NULL),
(541, 0, 'April', 19, 1, 1, NULL, NULL),
(542, 0, 'April', 19, 2, 1, NULL, NULL),
(543, 0, 'April', 19, 3, 1, NULL, NULL),
(544, 0, 'April', 19, 4, 1, NULL, NULL),
(545, 0, 'April', 19, 5, 1, NULL, NULL),
(546, 0, 'April', 20, 1, 1, NULL, NULL),
(547, 0, 'April', 20, 2, 1, NULL, NULL),
(548, 0, 'April', 20, 3, 1, NULL, NULL),
(549, 0, 'April', 20, 4, 1, NULL, NULL),
(550, 0, 'April', 20, 5, 1, NULL, NULL),
(551, 0, 'April', 21, 1, 1, NULL, NULL),
(552, 0, 'April', 21, 2, 1, NULL, NULL),
(553, 0, 'April', 21, 3, 1, NULL, NULL),
(554, 0, 'April', 21, 4, 1, NULL, NULL),
(555, 0, 'April', 21, 5, 1, NULL, NULL),
(556, 0, 'April', 22, 1, 1, NULL, NULL),
(557, 0, 'April', 22, 2, 1, NULL, NULL),
(558, 0, 'April', 22, 3, 1, NULL, NULL),
(559, 0, 'April', 22, 4, 1, NULL, NULL),
(560, 0, 'April', 22, 5, 1, NULL, NULL),
(561, 0, 'April', 23, 1, 1, NULL, NULL),
(562, 0, 'April', 23, 2, 1, NULL, NULL),
(563, 0, 'April', 23, 3, 1, NULL, NULL),
(564, 0, 'April', 23, 4, 1, NULL, NULL),
(565, 0, 'April', 23, 5, 1, NULL, NULL),
(566, 0, 'April', 24, 1, 1, NULL, NULL),
(567, 0, 'April', 24, 2, 1, NULL, NULL),
(568, 0, 'April', 24, 3, 1, NULL, NULL),
(569, 0, 'April', 24, 4, 1, NULL, NULL),
(570, 0, 'April', 24, 5, 1, NULL, NULL),
(571, 0, 'April', 25, 1, 1, NULL, NULL),
(572, 0, 'April', 25, 2, 1, NULL, NULL),
(573, 0, 'April', 25, 3, 1, NULL, NULL),
(574, 0, 'April', 25, 4, 1, NULL, NULL),
(575, 0, 'April', 25, 5, 1, NULL, NULL),
(576, 0, 'April', 26, 1, 1, NULL, NULL),
(577, 0, 'April', 26, 2, 1, NULL, NULL),
(578, 0, 'April', 26, 3, 1, NULL, NULL),
(579, 0, 'April', 26, 4, 1, NULL, NULL),
(580, 0, 'April', 26, 5, 1, NULL, NULL),
(581, 0, 'April', 27, 1, 1, NULL, NULL),
(582, 0, 'April', 27, 2, 1, NULL, NULL),
(583, 0, 'April', 27, 3, 1, NULL, NULL),
(584, 0, 'April', 27, 4, 1, NULL, NULL),
(585, 0, 'April', 27, 5, 1, NULL, NULL),
(586, 0, 'April', 28, 1, 1, NULL, NULL),
(587, 0, 'April', 28, 2, 1, NULL, NULL),
(588, 0, 'April', 28, 3, 1, NULL, NULL),
(589, 0, 'April', 28, 4, 1, NULL, NULL),
(590, 0, 'April', 28, 5, 1, NULL, NULL),
(591, 0, 'April', 29, 1, 1, NULL, NULL),
(592, 0, 'April', 29, 2, 1, NULL, NULL),
(593, 0, 'April', 29, 3, 1, NULL, NULL),
(594, 0, 'April', 29, 4, 1, NULL, NULL),
(595, 0, 'April', 29, 5, 1, NULL, NULL),
(596, 0, 'April', 30, 1, 1, NULL, NULL),
(597, 0, 'April', 30, 2, 1, NULL, NULL),
(598, 0, 'April', 30, 3, 1, NULL, NULL),
(599, 0, 'April', 30, 4, 1, NULL, NULL),
(600, 0, 'April', 30, 5, 1, NULL, NULL),
(601, 0, 'May', 1, 1, 1, NULL, NULL),
(602, 0, 'May', 1, 2, 1, NULL, NULL),
(603, 0, 'May', 1, 3, 1, NULL, NULL),
(604, 0, 'May', 1, 4, 1, NULL, NULL),
(605, 0, 'May', 1, 5, 1, NULL, NULL),
(606, 0, 'May', 2, 1, 1, NULL, NULL),
(607, 0, 'May', 2, 2, 1, NULL, NULL),
(608, 0, 'May', 2, 3, 1, NULL, NULL),
(609, 0, 'May', 2, 4, 1, NULL, NULL),
(610, 0, 'May', 2, 5, 1, NULL, NULL),
(611, 0, 'May', 3, 1, 1, NULL, NULL),
(612, 0, 'May', 3, 2, 1, NULL, NULL),
(613, 0, 'May', 3, 3, 1, NULL, NULL),
(614, 0, 'May', 3, 4, 1, NULL, NULL),
(615, 0, 'May', 3, 5, 1, NULL, NULL),
(616, 0, 'May', 4, 1, 1, NULL, NULL),
(617, 0, 'May', 4, 2, 1, NULL, NULL),
(618, 0, 'May', 4, 3, 1, NULL, NULL),
(619, 0, 'May', 4, 4, 1, NULL, NULL),
(620, 0, 'May', 4, 5, 1, NULL, NULL),
(621, 0, 'May', 5, 1, 1, NULL, NULL),
(622, 0, 'May', 5, 2, 1, NULL, NULL),
(623, 0, 'May', 5, 3, 1, NULL, NULL),
(624, 0, 'May', 5, 4, 1, NULL, NULL),
(625, 0, 'May', 5, 5, 1, NULL, NULL),
(626, 0, 'May', 6, 1, 1, NULL, NULL),
(627, 0, 'May', 6, 2, 1, NULL, NULL),
(628, 0, 'May', 6, 3, 1, NULL, NULL),
(629, 0, 'May', 6, 4, 1, NULL, NULL),
(630, 0, 'May', 6, 5, 1, NULL, NULL),
(631, 0, 'May', 7, 1, 1, NULL, NULL),
(632, 0, 'May', 7, 2, 1, NULL, NULL),
(633, 0, 'May', 7, 3, 1, NULL, NULL),
(634, 0, 'May', 7, 4, 1, NULL, NULL),
(635, 0, 'May', 7, 5, 1, NULL, NULL),
(636, 0, 'May', 8, 1, 1, NULL, NULL),
(637, 0, 'May', 8, 2, 1, NULL, NULL),
(638, 0, 'May', 8, 3, 1, NULL, NULL),
(639, 0, 'May', 8, 4, 1, NULL, NULL),
(640, 0, 'May', 8, 5, 1, NULL, NULL),
(641, 0, 'May', 9, 1, 1, NULL, NULL),
(642, 0, 'May', 9, 2, 1, NULL, NULL),
(643, 0, 'May', 9, 3, 1, NULL, NULL),
(644, 0, 'May', 9, 4, 1, NULL, NULL),
(645, 0, 'May', 9, 5, 1, NULL, NULL),
(646, 0, 'May', 10, 1, 1, NULL, NULL),
(647, 0, 'May', 10, 2, 1, NULL, NULL),
(648, 0, 'May', 10, 3, 1, NULL, NULL),
(649, 0, 'May', 10, 4, 1, NULL, NULL),
(650, 0, 'May', 10, 5, 1, NULL, NULL),
(651, 0, 'May', 11, 1, 1, NULL, NULL),
(652, 0, 'May', 11, 2, 1, NULL, NULL),
(653, 0, 'May', 11, 3, 1, NULL, NULL),
(654, 0, 'May', 11, 4, 1, NULL, NULL),
(655, 0, 'May', 11, 5, 1, NULL, NULL),
(656, 0, 'May', 12, 1, 1, NULL, NULL),
(657, 0, 'May', 12, 2, 1, NULL, NULL),
(658, 0, 'May', 12, 3, 1, NULL, NULL),
(659, 0, 'May', 12, 4, 1, NULL, NULL),
(660, 0, 'May', 12, 5, 1, NULL, NULL),
(661, 0, 'May', 13, 1, 1, NULL, NULL),
(662, 0, 'May', 13, 2, 1, NULL, NULL),
(663, 0, 'May', 13, 3, 1, NULL, NULL),
(664, 0, 'May', 13, 4, 1, NULL, NULL),
(665, 0, 'May', 13, 5, 1, NULL, NULL),
(666, 0, 'May', 14, 1, 1, NULL, NULL),
(667, 0, 'May', 14, 2, 1, NULL, NULL),
(668, 0, 'May', 14, 3, 1, NULL, NULL),
(669, 0, 'May', 14, 4, 1, NULL, NULL),
(670, 0, 'May', 14, 5, 1, NULL, NULL),
(671, 0, 'May', 15, 1, 1, NULL, NULL),
(672, 0, 'May', 15, 2, 1, NULL, NULL),
(673, 0, 'May', 15, 3, 1, NULL, NULL),
(674, 0, 'May', 15, 4, 1, NULL, NULL),
(675, 0, 'May', 15, 5, 1, NULL, NULL),
(676, 0, 'May', 16, 1, 1, NULL, NULL),
(677, 0, 'May', 16, 2, 1, NULL, NULL),
(678, 0, 'May', 16, 3, 1, NULL, NULL),
(679, 0, 'May', 16, 4, 1, NULL, NULL),
(680, 0, 'May', 16, 5, 1, NULL, NULL),
(681, 0, 'May', 17, 1, 1, NULL, NULL),
(682, 0, 'May', 17, 2, 1, NULL, NULL),
(683, 0, 'May', 17, 3, 1, NULL, NULL),
(684, 0, 'May', 17, 4, 1, NULL, NULL),
(685, 0, 'May', 17, 5, 1, NULL, NULL),
(686, 0, 'May', 18, 1, 1, NULL, NULL),
(687, 0, 'May', 18, 2, 1, NULL, NULL),
(688, 0, 'May', 18, 3, 1, NULL, NULL),
(689, 0, 'May', 18, 4, 1, NULL, NULL),
(690, 0, 'May', 18, 5, 1, NULL, NULL),
(691, 0, 'May', 19, 1, 1, NULL, NULL),
(692, 0, 'May', 19, 2, 1, NULL, NULL),
(693, 0, 'May', 19, 3, 1, NULL, NULL),
(694, 0, 'May', 19, 4, 1, NULL, NULL),
(695, 0, 'May', 19, 5, 1, NULL, NULL),
(696, 0, 'May', 20, 1, 1, NULL, NULL),
(697, 0, 'May', 20, 2, 1, NULL, NULL),
(698, 0, 'May', 20, 3, 1, NULL, NULL),
(699, 0, 'May', 20, 4, 1, NULL, NULL),
(700, 0, 'May', 20, 5, 1, NULL, NULL),
(701, 0, 'May', 21, 1, 1, NULL, NULL),
(702, 0, 'May', 21, 2, 1, NULL, NULL),
(703, 0, 'May', 21, 3, 1, NULL, NULL),
(704, 0, 'May', 21, 4, 1, NULL, NULL),
(705, 0, 'May', 21, 5, 1, NULL, NULL),
(706, 0, 'May', 22, 1, 1, NULL, NULL),
(707, 0, 'May', 22, 2, 1, NULL, NULL),
(708, 0, 'May', 22, 3, 1, NULL, NULL),
(709, 0, 'May', 22, 4, 1, NULL, NULL),
(710, 0, 'May', 22, 5, 1, NULL, NULL),
(711, 0, 'May', 23, 1, 1, NULL, NULL),
(712, 0, 'May', 23, 2, 1, NULL, NULL),
(713, 0, 'May', 23, 3, 1, NULL, NULL),
(714, 0, 'May', 23, 4, 1, NULL, NULL),
(715, 0, 'May', 23, 5, 1, NULL, NULL),
(716, 0, 'May', 24, 1, 1, NULL, NULL),
(717, 0, 'May', 24, 2, 1, NULL, NULL),
(718, 0, 'May', 24, 3, 1, NULL, NULL),
(719, 0, 'May', 24, 4, 1, NULL, NULL),
(720, 0, 'May', 24, 5, 1, NULL, NULL),
(721, 0, 'May', 25, 1, 1, NULL, NULL),
(722, 0, 'May', 25, 2, 1, NULL, NULL),
(723, 0, 'May', 25, 3, 1, NULL, NULL),
(724, 0, 'May', 25, 4, 1, NULL, NULL),
(725, 0, 'May', 25, 5, 1, NULL, NULL),
(726, 0, 'May', 26, 1, 1, NULL, NULL),
(727, 0, 'May', 26, 2, 1, NULL, NULL),
(728, 0, 'May', 26, 3, 1, NULL, NULL),
(729, 0, 'May', 26, 4, 1, NULL, NULL),
(730, 0, 'May', 26, 5, 1, NULL, NULL),
(731, 0, 'May', 27, 1, 1, NULL, NULL),
(732, 0, 'May', 27, 2, 1, NULL, NULL),
(733, 0, 'May', 27, 3, 1, NULL, NULL),
(734, 0, 'May', 27, 4, 1, NULL, NULL),
(735, 0, 'May', 27, 5, 1, NULL, NULL),
(736, 0, 'May', 28, 1, 1, NULL, NULL),
(737, 0, 'May', 28, 2, 1, NULL, NULL),
(738, 0, 'May', 28, 3, 1, NULL, NULL),
(739, 0, 'May', 28, 4, 1, NULL, NULL),
(740, 0, 'May', 28, 5, 1, NULL, NULL),
(741, 0, 'May', 29, 1, 1, NULL, NULL),
(742, 0, 'May', 29, 2, 1, NULL, NULL),
(743, 0, 'May', 29, 3, 1, NULL, NULL),
(744, 0, 'May', 29, 4, 1, NULL, NULL),
(745, 0, 'May', 29, 5, 1, NULL, NULL),
(746, 0, 'May', 30, 1, 1, NULL, NULL),
(747, 0, 'May', 30, 2, 1, NULL, NULL),
(748, 0, 'May', 30, 3, 1, NULL, NULL),
(749, 0, 'May', 30, 4, 1, NULL, NULL),
(750, 0, 'May', 30, 5, 1, NULL, NULL),
(751, 0, 'May', 31, 1, 1, NULL, NULL),
(752, 0, 'May', 31, 2, 1, NULL, NULL),
(753, 0, 'May', 31, 3, 1, NULL, NULL),
(754, 0, 'May', 31, 4, 1, NULL, NULL),
(755, 0, 'May', 31, 5, 1, NULL, NULL),
(756, 0, 'June', 1, 1, 1, NULL, NULL),
(757, 0, 'June', 1, 2, 1, NULL, NULL),
(758, 0, 'June', 1, 3, 1, NULL, NULL),
(759, 0, 'June', 1, 4, 1, NULL, NULL),
(760, 0, 'June', 1, 5, 1, NULL, NULL),
(761, 0, 'June', 2, 1, 1, NULL, NULL),
(762, 0, 'June', 2, 2, 1, NULL, NULL),
(763, 0, 'June', 2, 3, 1, NULL, NULL),
(764, 0, 'June', 2, 4, 1, NULL, NULL),
(765, 0, 'June', 2, 5, 1, NULL, NULL),
(766, 0, 'June', 3, 1, 1, NULL, NULL),
(767, 0, 'June', 3, 2, 1, NULL, NULL),
(768, 0, 'June', 3, 3, 1, NULL, NULL),
(769, 0, 'June', 3, 4, 1, NULL, NULL),
(770, 0, 'June', 3, 5, 1, NULL, NULL),
(771, 0, 'June', 4, 1, 1, NULL, NULL),
(772, 0, 'June', 4, 2, 1, NULL, NULL),
(773, 0, 'June', 4, 3, 1, NULL, NULL),
(774, 0, 'June', 4, 4, 1, NULL, NULL),
(775, 0, 'June', 4, 5, 1, NULL, NULL),
(776, 0, 'June', 5, 1, 1, NULL, NULL),
(777, 0, 'June', 5, 2, 1, NULL, NULL),
(778, 0, 'June', 5, 3, 1, NULL, NULL),
(779, 0, 'June', 5, 4, 1, NULL, NULL),
(780, 0, 'June', 5, 5, 1, NULL, NULL),
(781, 0, 'June', 6, 1, 1, NULL, NULL),
(782, 0, 'June', 6, 2, 1, NULL, NULL),
(783, 0, 'June', 6, 3, 1, NULL, NULL),
(784, 0, 'June', 6, 4, 1, NULL, NULL),
(785, 0, 'June', 6, 5, 1, NULL, NULL),
(786, 0, 'June', 7, 1, 1, NULL, NULL),
(787, 0, 'June', 7, 2, 1, NULL, NULL),
(788, 0, 'June', 7, 3, 1, NULL, NULL),
(789, 0, 'June', 7, 4, 1, NULL, NULL),
(790, 0, 'June', 7, 5, 1, NULL, NULL),
(791, 0, 'June', 8, 1, 1, NULL, NULL),
(792, 0, 'June', 8, 2, 1, NULL, NULL),
(793, 0, 'June', 8, 3, 1, NULL, NULL),
(794, 0, 'June', 8, 4, 1, NULL, NULL),
(795, 0, 'June', 8, 5, 1, NULL, NULL),
(796, 0, 'June', 9, 1, 1, NULL, NULL),
(797, 0, 'June', 9, 2, 1, NULL, NULL),
(798, 0, 'June', 9, 3, 1, NULL, NULL),
(799, 0, 'June', 9, 4, 1, NULL, NULL),
(800, 0, 'June', 9, 5, 1, NULL, NULL),
(801, 0, 'June', 10, 1, 1, NULL, NULL),
(802, 0, 'June', 10, 2, 1, NULL, NULL),
(803, 0, 'June', 10, 3, 1, NULL, NULL),
(804, 0, 'June', 10, 4, 1, NULL, NULL),
(805, 0, 'June', 10, 5, 1, NULL, NULL),
(806, 0, 'June', 11, 1, 1, NULL, NULL),
(807, 0, 'June', 11, 2, 1, NULL, NULL),
(808, 0, 'June', 11, 3, 1, NULL, NULL),
(809, 0, 'June', 11, 4, 1, NULL, NULL),
(810, 0, 'June', 11, 5, 1, NULL, NULL),
(811, 0, 'June', 12, 1, 1, NULL, NULL),
(812, 0, 'June', 12, 2, 1, NULL, NULL),
(813, 0, 'June', 12, 3, 1, NULL, NULL),
(814, 0, 'June', 12, 4, 1, NULL, NULL),
(815, 0, 'June', 12, 5, 1, NULL, NULL),
(816, 0, 'June', 13, 1, 1, NULL, NULL),
(817, 0, 'June', 13, 2, 1, NULL, NULL),
(818, 0, 'June', 13, 3, 1, NULL, NULL),
(819, 0, 'June', 13, 4, 1, NULL, NULL),
(820, 0, 'June', 13, 5, 1, NULL, NULL),
(821, 0, 'June', 14, 1, 1, NULL, NULL),
(822, 0, 'June', 14, 2, 1, NULL, NULL),
(823, 0, 'June', 14, 3, 1, NULL, NULL),
(824, 0, 'June', 14, 4, 1, NULL, NULL),
(825, 0, 'June', 14, 5, 1, NULL, NULL),
(826, 0, 'June', 15, 1, 1, NULL, NULL),
(827, 0, 'June', 15, 2, 1, NULL, NULL),
(828, 0, 'June', 15, 3, 1, NULL, NULL),
(829, 0, 'June', 15, 4, 1, NULL, NULL),
(830, 0, 'June', 15, 5, 1, NULL, NULL),
(831, 0, 'June', 16, 1, 1, NULL, NULL),
(832, 0, 'June', 16, 2, 1, NULL, NULL),
(833, 0, 'June', 16, 3, 1, NULL, NULL),
(834, 0, 'June', 16, 4, 1, NULL, NULL),
(835, 0, 'June', 16, 5, 1, NULL, NULL),
(836, 0, 'June', 17, 1, 1, NULL, NULL),
(837, 0, 'June', 17, 2, 1, NULL, NULL),
(838, 0, 'June', 17, 3, 1, NULL, NULL),
(839, 0, 'June', 17, 4, 1, NULL, NULL),
(840, 0, 'June', 17, 5, 1, NULL, NULL),
(841, 0, 'June', 18, 1, 1, NULL, NULL),
(842, 0, 'June', 18, 2, 1, NULL, NULL),
(843, 0, 'June', 18, 3, 1, NULL, NULL),
(844, 0, 'June', 18, 4, 1, NULL, NULL),
(845, 0, 'June', 18, 5, 1, NULL, NULL),
(846, 0, 'June', 19, 1, 1, NULL, NULL),
(847, 0, 'June', 19, 2, 1, NULL, NULL),
(848, 0, 'June', 19, 3, 1, NULL, NULL),
(849, 0, 'June', 19, 4, 1, NULL, NULL),
(850, 0, 'June', 19, 5, 1, NULL, NULL),
(851, 0, 'June', 20, 1, 1, NULL, NULL),
(852, 0, 'June', 20, 2, 1, NULL, NULL),
(853, 0, 'June', 20, 3, 1, NULL, NULL),
(854, 0, 'June', 20, 4, 1, NULL, NULL),
(855, 0, 'June', 20, 5, 1, NULL, NULL),
(856, 0, 'June', 21, 1, 1, NULL, NULL),
(857, 0, 'June', 21, 2, 1, NULL, NULL),
(858, 0, 'June', 21, 3, 1, NULL, NULL),
(859, 0, 'June', 21, 4, 1, NULL, NULL),
(860, 0, 'June', 21, 5, 1, NULL, NULL),
(861, 0, 'June', 22, 1, 1, NULL, NULL),
(862, 0, 'June', 22, 2, 1, NULL, NULL),
(863, 0, 'June', 22, 3, 1, NULL, NULL),
(864, 0, 'June', 22, 4, 1, NULL, NULL),
(865, 0, 'June', 22, 5, 1, NULL, NULL),
(866, 0, 'June', 23, 1, 1, NULL, NULL),
(867, 0, 'June', 23, 2, 1, NULL, NULL),
(868, 0, 'June', 23, 3, 1, NULL, NULL),
(869, 0, 'June', 23, 4, 1, NULL, NULL),
(870, 0, 'June', 23, 5, 1, NULL, NULL),
(871, 0, 'June', 24, 1, 1, NULL, NULL),
(872, 0, 'June', 24, 2, 1, NULL, NULL),
(873, 0, 'June', 24, 3, 1, NULL, NULL),
(874, 0, 'June', 24, 4, 1, NULL, NULL),
(875, 0, 'June', 24, 5, 1, NULL, NULL),
(876, 0, 'June', 25, 1, 1, NULL, NULL),
(877, 0, 'June', 25, 2, 1, NULL, NULL),
(878, 0, 'June', 25, 3, 1, NULL, NULL),
(879, 0, 'June', 25, 4, 1, NULL, NULL),
(880, 0, 'June', 25, 5, 1, NULL, NULL),
(881, 0, 'June', 26, 1, 1, NULL, NULL),
(882, 0, 'June', 26, 2, 1, NULL, NULL),
(883, 0, 'June', 26, 3, 1, NULL, NULL),
(884, 0, 'June', 26, 4, 1, NULL, NULL),
(885, 0, 'June', 26, 5, 1, NULL, NULL),
(886, 0, 'June', 27, 1, 1, NULL, NULL),
(887, 0, 'June', 27, 2, 1, NULL, NULL),
(888, 0, 'June', 27, 3, 1, NULL, NULL),
(889, 0, 'June', 27, 4, 1, NULL, NULL),
(890, 0, 'June', 27, 5, 1, NULL, NULL),
(891, 0, 'June', 28, 1, 1, NULL, NULL),
(892, 0, 'June', 28, 2, 1, NULL, NULL),
(893, 0, 'June', 28, 3, 1, NULL, NULL),
(894, 0, 'June', 28, 4, 1, NULL, NULL),
(895, 0, 'June', 28, 5, 1, NULL, NULL),
(896, 0, 'June', 29, 1, 1, NULL, NULL),
(897, 0, 'June', 29, 2, 1, NULL, NULL),
(898, 0, 'June', 29, 3, 1, NULL, NULL),
(899, 0, 'June', 29, 4, 1, NULL, NULL),
(900, 0, 'June', 29, 5, 1, NULL, NULL),
(901, 0, 'June', 30, 1, 1, NULL, NULL),
(902, 0, 'June', 30, 2, 1, NULL, NULL),
(903, 0, 'June', 30, 3, 1, NULL, NULL),
(904, 0, 'June', 30, 4, 1, NULL, NULL),
(905, 0, 'June', 30, 5, 1, NULL, NULL),
(906, 0, 'July', 1, 1, 1, NULL, NULL),
(907, 0, 'July', 1, 2, 1, NULL, NULL),
(908, 0, 'July', 1, 3, 1, NULL, NULL),
(909, 0, 'July', 1, 4, 1, NULL, NULL),
(910, 0, 'July', 1, 5, 1, NULL, NULL),
(911, 0, 'July', 2, 1, 1, NULL, NULL),
(912, 0, 'July', 2, 2, 1, NULL, NULL),
(913, 0, 'July', 2, 3, 1, NULL, NULL),
(914, 0, 'July', 2, 4, 1, NULL, NULL),
(915, 0, 'July', 2, 5, 1, NULL, NULL),
(916, 0, 'July', 3, 1, 1, NULL, NULL),
(917, 0, 'July', 3, 2, 1, NULL, NULL),
(918, 0, 'July', 3, 3, 1, NULL, NULL),
(919, 0, 'July', 3, 4, 1, NULL, NULL),
(920, 0, 'July', 3, 5, 1, NULL, NULL),
(921, 0, 'July', 4, 1, 1, NULL, NULL),
(922, 0, 'July', 4, 2, 1, NULL, NULL),
(923, 0, 'July', 4, 3, 1, NULL, NULL),
(924, 0, 'July', 4, 4, 1, NULL, NULL),
(925, 0, 'July', 4, 5, 1, NULL, NULL),
(926, 0, 'July', 5, 1, 1, NULL, NULL),
(927, 0, 'July', 5, 2, 1, NULL, NULL),
(928, 0, 'July', 5, 3, 1, NULL, NULL),
(929, 0, 'July', 5, 4, 1, NULL, NULL),
(930, 0, 'July', 5, 5, 1, NULL, NULL),
(931, 0, 'July', 6, 1, 1, NULL, NULL),
(932, 0, 'July', 6, 2, 1, NULL, NULL),
(933, 0, 'July', 6, 3, 1, NULL, NULL),
(934, 0, 'July', 6, 4, 1, NULL, NULL),
(935, 0, 'July', 6, 5, 1, NULL, NULL),
(936, 0, 'July', 7, 1, 1, NULL, NULL),
(937, 0, 'July', 7, 2, 1, NULL, NULL),
(938, 0, 'July', 7, 3, 1, NULL, NULL),
(939, 0, 'July', 7, 4, 1, NULL, NULL),
(940, 0, 'July', 7, 5, 1, NULL, NULL),
(941, 0, 'July', 8, 1, 1, NULL, NULL),
(942, 0, 'July', 8, 2, 1, NULL, NULL),
(943, 0, 'July', 8, 3, 1, NULL, NULL),
(944, 0, 'July', 8, 4, 1, NULL, NULL),
(945, 0, 'July', 8, 5, 1, NULL, NULL),
(946, 0, 'July', 9, 1, 1, NULL, NULL),
(947, 0, 'July', 9, 2, 1, NULL, NULL),
(948, 0, 'July', 9, 3, 1, NULL, NULL),
(949, 0, 'July', 9, 4, 1, NULL, NULL),
(950, 0, 'July', 9, 5, 1, NULL, NULL),
(951, 0, 'July', 10, 1, 1, NULL, NULL),
(952, 0, 'July', 10, 2, 1, NULL, NULL),
(953, 0, 'July', 10, 3, 1, NULL, NULL),
(954, 0, 'July', 10, 4, 1, NULL, NULL),
(955, 0, 'July', 10, 5, 1, NULL, NULL),
(956, 0, 'July', 11, 1, 1, NULL, NULL),
(957, 0, 'July', 11, 2, 1, NULL, NULL),
(958, 0, 'July', 11, 3, 1, NULL, NULL),
(959, 0, 'July', 11, 4, 1, NULL, NULL),
(960, 0, 'July', 11, 5, 1, NULL, NULL),
(961, 0, 'July', 12, 1, 1, NULL, NULL),
(962, 0, 'July', 12, 2, 1, NULL, NULL),
(963, 0, 'July', 12, 3, 1, NULL, NULL),
(964, 0, 'July', 12, 4, 1, NULL, NULL),
(965, 0, 'July', 12, 5, 1, NULL, NULL),
(966, 0, 'July', 13, 1, 1, NULL, NULL),
(967, 0, 'July', 13, 2, 1, NULL, NULL),
(968, 0, 'July', 13, 3, 1, NULL, NULL),
(969, 0, 'July', 13, 4, 1, NULL, NULL),
(970, 0, 'July', 13, 5, 1, NULL, NULL),
(971, 0, 'July', 14, 1, 1, NULL, NULL),
(972, 0, 'July', 14, 2, 1, NULL, NULL),
(973, 0, 'July', 14, 3, 1, NULL, NULL),
(974, 0, 'July', 14, 4, 1, NULL, NULL),
(975, 0, 'July', 14, 5, 1, NULL, NULL),
(976, 0, 'July', 15, 1, 1, NULL, NULL),
(977, 0, 'July', 15, 2, 1, NULL, NULL),
(978, 0, 'July', 15, 3, 1, NULL, NULL),
(979, 0, 'July', 15, 4, 1, NULL, NULL),
(980, 0, 'July', 15, 5, 1, NULL, NULL),
(981, 0, 'July', 16, 1, 1, NULL, NULL),
(982, 0, 'July', 16, 2, 1, NULL, NULL),
(983, 0, 'July', 16, 3, 1, NULL, NULL),
(984, 0, 'July', 16, 4, 1, NULL, NULL),
(985, 0, 'July', 16, 5, 1, NULL, NULL),
(986, 0, 'July', 17, 1, 1, NULL, NULL),
(987, 0, 'July', 17, 2, 1, NULL, NULL),
(988, 0, 'July', 17, 3, 1, NULL, NULL),
(989, 0, 'July', 17, 4, 1, NULL, NULL),
(990, 0, 'July', 17, 5, 1, NULL, NULL),
(991, 0, 'July', 18, 1, 1, NULL, NULL),
(992, 0, 'July', 18, 2, 1, NULL, NULL),
(993, 0, 'July', 18, 3, 1, NULL, NULL),
(994, 0, 'July', 18, 4, 1, NULL, NULL),
(995, 0, 'July', 18, 5, 1, NULL, NULL),
(996, 0, 'July', 19, 1, 1, NULL, NULL),
(997, 0, 'July', 19, 2, 1, NULL, NULL),
(998, 0, 'July', 19, 3, 1, NULL, NULL),
(999, 0, 'July', 19, 4, 1, NULL, NULL),
(1000, 0, 'July', 19, 5, 1, NULL, NULL),
(1001, 0, 'July', 20, 1, 1, NULL, NULL),
(1002, 0, 'July', 20, 2, 1, NULL, NULL),
(1003, 0, 'July', 20, 3, 1, NULL, NULL),
(1004, 0, 'July', 20, 4, 1, NULL, NULL),
(1005, 0, 'July', 20, 5, 1, NULL, NULL),
(1006, 0, 'July', 21, 1, 1, NULL, NULL),
(1007, 0, 'July', 21, 2, 1, NULL, NULL),
(1008, 0, 'July', 21, 3, 1, NULL, NULL),
(1009, 0, 'July', 21, 4, 1, NULL, NULL),
(1010, 0, 'July', 21, 5, 1, NULL, NULL),
(1011, 0, 'July', 22, 1, 1, NULL, NULL),
(1012, 0, 'July', 22, 2, 1, NULL, NULL),
(1013, 0, 'July', 22, 3, 1, NULL, NULL),
(1014, 0, 'July', 22, 4, 1, NULL, NULL),
(1015, 0, 'July', 22, 5, 1, NULL, NULL),
(1016, 0, 'July', 23, 1, 1, NULL, NULL),
(1017, 0, 'July', 23, 2, 1, NULL, NULL),
(1018, 0, 'July', 23, 3, 1, NULL, NULL),
(1019, 0, 'July', 23, 4, 1, NULL, NULL),
(1020, 0, 'July', 23, 5, 1, NULL, NULL),
(1021, 0, 'July', 24, 1, 1, NULL, NULL),
(1022, 0, 'July', 24, 2, 1, NULL, NULL),
(1023, 0, 'July', 24, 3, 1, NULL, NULL),
(1024, 0, 'July', 24, 4, 1, NULL, NULL),
(1025, 0, 'July', 24, 5, 1, NULL, NULL),
(1026, 0, 'July', 25, 1, 1, NULL, NULL),
(1027, 0, 'July', 25, 2, 1, NULL, NULL),
(1028, 0, 'July', 25, 3, 1, NULL, NULL),
(1029, 0, 'July', 25, 4, 1, NULL, NULL),
(1030, 0, 'July', 25, 5, 1, NULL, NULL),
(1031, 0, 'July', 26, 1, 1, NULL, NULL),
(1032, 0, 'July', 26, 2, 1, NULL, NULL),
(1033, 0, 'July', 26, 3, 1, NULL, NULL),
(1034, 0, 'July', 26, 4, 1, NULL, NULL),
(1035, 0, 'July', 26, 5, 1, NULL, NULL),
(1036, 0, 'July', 27, 1, 1, NULL, NULL),
(1037, 0, 'July', 27, 2, 1, NULL, NULL),
(1038, 0, 'July', 27, 3, 1, NULL, NULL),
(1039, 0, 'July', 27, 4, 1, NULL, NULL),
(1040, 0, 'July', 27, 5, 1, NULL, NULL),
(1041, 0, 'July', 28, 1, 1, NULL, NULL),
(1042, 0, 'July', 28, 2, 1, NULL, NULL),
(1043, 0, 'July', 28, 3, 1, NULL, NULL),
(1044, 0, 'July', 28, 4, 1, NULL, NULL),
(1045, 0, 'July', 28, 5, 1, NULL, NULL),
(1046, 0, 'July', 29, 1, 1, NULL, NULL),
(1047, 0, 'July', 29, 2, 1, NULL, NULL),
(1048, 0, 'July', 29, 3, 1, NULL, NULL),
(1049, 0, 'July', 29, 4, 1, NULL, NULL),
(1050, 0, 'July', 29, 5, 1, NULL, NULL),
(1051, 0, 'July', 30, 1, 1, NULL, NULL),
(1052, 0, 'July', 30, 2, 1, NULL, NULL),
(1053, 0, 'July', 30, 3, 1, NULL, NULL),
(1054, 0, 'July', 30, 4, 1, NULL, NULL),
(1055, 0, 'July', 30, 5, 1, NULL, NULL),
(1056, 0, 'July', 31, 1, 1, NULL, NULL),
(1057, 0, 'July', 31, 2, 1, NULL, NULL),
(1058, 0, 'July', 31, 3, 1, NULL, NULL),
(1059, 0, 'July', 31, 4, 1, NULL, NULL),
(1060, 0, 'July', 31, 5, 1, NULL, NULL),
(1061, 0, 'August', 1, 1, 1, NULL, NULL),
(1062, 0, 'August', 1, 2, 1, NULL, NULL),
(1063, 0, 'August', 1, 3, 1, NULL, NULL),
(1064, 0, 'August', 1, 4, 1, NULL, NULL),
(1065, 0, 'August', 1, 5, 1, NULL, NULL),
(1066, 0, 'August', 2, 1, 1, NULL, NULL),
(1067, 0, 'August', 2, 2, 1, NULL, NULL),
(1068, 0, 'August', 2, 3, 1, NULL, NULL),
(1069, 0, 'August', 2, 4, 1, NULL, NULL),
(1070, 0, 'August', 2, 5, 1, NULL, NULL),
(1071, 0, 'August', 3, 1, 1, NULL, NULL),
(1072, 0, 'August', 3, 2, 1, NULL, NULL),
(1073, 0, 'August', 3, 3, 1, NULL, NULL),
(1074, 0, 'August', 3, 4, 1, NULL, NULL),
(1075, 0, 'August', 3, 5, 1, NULL, NULL),
(1076, 0, 'August', 4, 1, 1, NULL, NULL),
(1077, 0, 'August', 4, 2, 1, NULL, NULL),
(1078, 0, 'August', 4, 3, 1, NULL, NULL),
(1079, 0, 'August', 4, 4, 1, NULL, NULL),
(1080, 0, 'August', 4, 5, 1, NULL, NULL),
(1081, 0, 'August', 5, 1, 1, NULL, NULL),
(1082, 0, 'August', 5, 2, 1, NULL, NULL),
(1083, 0, 'August', 5, 3, 1, NULL, NULL),
(1084, 0, 'August', 5, 4, 1, NULL, NULL),
(1085, 0, 'August', 5, 5, 1, NULL, NULL),
(1086, 0, 'August', 6, 1, 1, NULL, NULL),
(1087, 0, 'August', 6, 2, 1, NULL, NULL),
(1088, 0, 'August', 6, 3, 1, NULL, NULL),
(1089, 0, 'August', 6, 4, 1, NULL, NULL),
(1090, 0, 'August', 6, 5, 1, NULL, NULL),
(1091, 0, 'August', 7, 1, 1, NULL, NULL),
(1092, 0, 'August', 7, 2, 1, NULL, NULL),
(1093, 0, 'August', 7, 3, 1, NULL, NULL),
(1094, 0, 'August', 7, 4, 1, NULL, NULL),
(1095, 0, 'August', 7, 5, 1, NULL, NULL),
(1096, 0, 'August', 8, 1, 1, NULL, NULL),
(1097, 0, 'August', 8, 2, 1, NULL, NULL),
(1098, 0, 'August', 8, 3, 1, NULL, NULL),
(1099, 0, 'August', 8, 4, 1, NULL, NULL),
(1100, 0, 'August', 8, 5, 1, NULL, NULL),
(1101, 0, 'August', 9, 1, 1, NULL, NULL),
(1102, 0, 'August', 9, 2, 1, NULL, NULL),
(1103, 0, 'August', 9, 3, 1, NULL, NULL),
(1104, 0, 'August', 9, 4, 1, NULL, NULL),
(1105, 0, 'August', 9, 5, 1, NULL, NULL),
(1106, 0, 'August', 10, 1, 1, NULL, NULL),
(1107, 0, 'August', 10, 2, 1, NULL, NULL),
(1108, 0, 'August', 10, 3, 1, NULL, NULL),
(1109, 0, 'August', 10, 4, 1, NULL, NULL),
(1110, 0, 'August', 10, 5, 1, NULL, NULL),
(1111, 0, 'August', 11, 1, 1, NULL, NULL),
(1112, 0, 'August', 11, 2, 1, NULL, NULL),
(1113, 0, 'August', 11, 3, 1, NULL, NULL),
(1114, 0, 'August', 11, 4, 1, NULL, NULL),
(1115, 0, 'August', 11, 5, 1, NULL, NULL),
(1116, 0, 'August', 12, 1, 1, NULL, NULL),
(1117, 0, 'August', 12, 2, 1, NULL, NULL),
(1118, 0, 'August', 12, 3, 1, NULL, NULL),
(1119, 0, 'August', 12, 4, 1, NULL, NULL),
(1120, 0, 'August', 12, 5, 1, NULL, NULL),
(1121, 0, 'August', 13, 1, 1, NULL, NULL),
(1122, 0, 'August', 13, 2, 1, NULL, NULL),
(1123, 0, 'August', 13, 3, 1, NULL, NULL),
(1124, 0, 'August', 13, 4, 1, NULL, NULL),
(1125, 0, 'August', 13, 5, 1, NULL, NULL),
(1126, 0, 'August', 14, 1, 1, NULL, NULL),
(1127, 0, 'August', 14, 2, 1, NULL, NULL),
(1128, 0, 'August', 14, 3, 1, NULL, NULL),
(1129, 0, 'August', 14, 4, 1, NULL, NULL),
(1130, 0, 'August', 14, 5, 1, NULL, NULL),
(1131, 0, 'August', 15, 1, 1, NULL, NULL),
(1132, 0, 'August', 15, 2, 1, NULL, NULL),
(1133, 0, 'August', 15, 3, 1, NULL, NULL),
(1134, 0, 'August', 15, 4, 1, NULL, NULL),
(1135, 0, 'August', 15, 5, 1, NULL, NULL),
(1136, 0, 'August', 16, 1, 1, NULL, NULL),
(1137, 0, 'August', 16, 2, 1, NULL, NULL),
(1138, 0, 'August', 16, 3, 1, NULL, NULL),
(1139, 0, 'August', 16, 4, 1, NULL, NULL),
(1140, 0, 'August', 16, 5, 1, NULL, NULL),
(1141, 0, 'August', 17, 1, 1, NULL, NULL),
(1142, 0, 'August', 17, 2, 1, NULL, NULL),
(1143, 0, 'August', 17, 3, 1, NULL, NULL),
(1144, 0, 'August', 17, 4, 1, NULL, NULL),
(1145, 0, 'August', 17, 5, 1, NULL, NULL),
(1146, 0, 'August', 18, 1, 1, NULL, NULL),
(1147, 0, 'August', 18, 2, 1, NULL, NULL),
(1148, 0, 'August', 18, 3, 1, NULL, NULL),
(1149, 0, 'August', 18, 4, 1, NULL, NULL),
(1150, 0, 'August', 18, 5, 1, NULL, NULL),
(1151, 0, 'August', 19, 1, 1, NULL, NULL),
(1152, 0, 'August', 19, 2, 1, NULL, NULL),
(1153, 0, 'August', 19, 3, 1, NULL, NULL),
(1154, 0, 'August', 19, 4, 1, NULL, NULL),
(1155, 0, 'August', 19, 5, 1, NULL, NULL),
(1156, 0, 'August', 20, 1, 1, NULL, NULL),
(1157, 0, 'August', 20, 2, 1, NULL, NULL),
(1158, 0, 'August', 20, 3, 1, NULL, NULL),
(1159, 0, 'August', 20, 4, 1, NULL, NULL),
(1160, 0, 'August', 20, 5, 1, NULL, NULL),
(1161, 0, 'August', 21, 1, 1, NULL, NULL),
(1162, 0, 'August', 21, 2, 1, NULL, NULL),
(1163, 0, 'August', 21, 3, 1, NULL, NULL),
(1164, 0, 'August', 21, 4, 1, NULL, NULL),
(1165, 0, 'August', 21, 5, 1, NULL, NULL),
(1166, 0, 'August', 22, 1, 1, NULL, NULL),
(1167, 0, 'August', 22, 2, 1, NULL, NULL),
(1168, 0, 'August', 22, 3, 1, NULL, NULL),
(1169, 0, 'August', 22, 4, 1, NULL, NULL),
(1170, 0, 'August', 22, 5, 1, NULL, NULL),
(1171, 0, 'August', 23, 1, 1, NULL, NULL),
(1172, 0, 'August', 23, 2, 1, NULL, NULL),
(1173, 0, 'August', 23, 3, 1, NULL, NULL),
(1174, 0, 'August', 23, 4, 1, NULL, NULL),
(1175, 0, 'August', 23, 5, 1, NULL, NULL),
(1176, 0, 'August', 24, 1, 1, NULL, NULL),
(1177, 0, 'August', 24, 2, 1, NULL, NULL),
(1178, 0, 'August', 24, 3, 1, NULL, NULL),
(1179, 0, 'August', 24, 4, 1, NULL, NULL),
(1180, 0, 'August', 24, 5, 1, NULL, NULL),
(1181, 0, 'August', 25, 1, 1, NULL, NULL),
(1182, 0, 'August', 25, 2, 1, NULL, NULL),
(1183, 0, 'August', 25, 3, 1, NULL, NULL),
(1184, 0, 'August', 25, 4, 1, NULL, NULL),
(1185, 0, 'August', 25, 5, 1, NULL, NULL),
(1186, 0, 'August', 26, 1, 1, NULL, NULL),
(1187, 0, 'August', 26, 2, 1, NULL, NULL),
(1188, 0, 'August', 26, 3, 1, NULL, NULL),
(1189, 0, 'August', 26, 4, 1, NULL, NULL),
(1190, 0, 'August', 26, 5, 1, NULL, NULL),
(1191, 0, 'August', 27, 1, 1, NULL, NULL),
(1192, 0, 'August', 27, 2, 1, NULL, NULL),
(1193, 0, 'August', 27, 3, 1, NULL, NULL),
(1194, 0, 'August', 27, 4, 1, NULL, NULL),
(1195, 0, 'August', 27, 5, 1, NULL, NULL),
(1196, 0, 'August', 28, 1, 1, NULL, NULL),
(1197, 0, 'August', 28, 2, 1, NULL, NULL),
(1198, 0, 'August', 28, 3, 1, NULL, NULL),
(1199, 0, 'August', 28, 4, 1, NULL, NULL),
(1200, 0, 'August', 28, 5, 1, NULL, NULL),
(1201, 0, 'August', 29, 1, 1, NULL, NULL),
(1202, 0, 'August', 29, 2, 1, NULL, NULL),
(1203, 0, 'August', 29, 3, 1, NULL, NULL),
(1204, 0, 'August', 29, 4, 1, NULL, NULL),
(1205, 0, 'August', 29, 5, 1, NULL, NULL),
(1206, 0, 'August', 30, 1, 1, NULL, NULL),
(1207, 0, 'August', 30, 2, 1, NULL, NULL),
(1208, 0, 'August', 30, 3, 1, NULL, NULL),
(1209, 0, 'August', 30, 4, 1, NULL, NULL),
(1210, 0, 'August', 30, 5, 1, NULL, NULL),
(1211, 0, 'August', 31, 1, 1, NULL, NULL),
(1212, 0, 'August', 31, 2, 1, NULL, NULL),
(1213, 0, 'August', 31, 3, 1, NULL, NULL),
(1214, 0, 'August', 31, 4, 1, NULL, NULL),
(1215, 0, 'August', 31, 5, 1, NULL, NULL),
(1216, 0, 'September', 1, 1, 1, NULL, NULL),
(1217, 0, 'September', 1, 2, 1, NULL, NULL),
(1218, 0, 'September', 1, 3, 1, NULL, NULL),
(1219, 0, 'September', 1, 4, 1, NULL, NULL),
(1220, 0, 'September', 1, 5, 1, NULL, NULL),
(1221, 0, 'September', 2, 1, 1, NULL, NULL),
(1222, 0, 'September', 2, 2, 1, NULL, NULL),
(1223, 0, 'September', 2, 3, 1, NULL, NULL),
(1224, 0, 'September', 2, 4, 1, NULL, NULL),
(1225, 0, 'September', 2, 5, 1, NULL, NULL),
(1226, 0, 'September', 3, 1, 1, NULL, NULL),
(1227, 0, 'September', 3, 2, 1, NULL, NULL),
(1228, 0, 'September', 3, 3, 1, NULL, NULL),
(1229, 0, 'September', 3, 4, 1, NULL, NULL),
(1230, 0, 'September', 3, 5, 1, NULL, NULL),
(1231, 0, 'September', 4, 1, 1, NULL, NULL),
(1232, 0, 'September', 4, 2, 1, NULL, NULL),
(1233, 0, 'September', 4, 3, 1, NULL, NULL),
(1234, 0, 'September', 4, 4, 1, NULL, NULL),
(1235, 0, 'September', 4, 5, 1, NULL, NULL),
(1236, 0, 'September', 5, 1, 1, NULL, NULL),
(1237, 0, 'September', 5, 2, 1, NULL, NULL),
(1238, 0, 'September', 5, 3, 1, NULL, NULL),
(1239, 0, 'September', 5, 4, 1, NULL, NULL),
(1240, 0, 'September', 5, 5, 1, NULL, NULL),
(1241, 0, 'September', 6, 1, 1, NULL, NULL),
(1242, 0, 'September', 6, 2, 1, NULL, NULL),
(1243, 0, 'September', 6, 3, 1, NULL, NULL),
(1244, 0, 'September', 6, 4, 1, NULL, NULL),
(1245, 0, 'September', 6, 5, 1, NULL, NULL),
(1246, 0, 'September', 7, 1, 1, NULL, NULL),
(1247, 0, 'September', 7, 2, 1, NULL, NULL),
(1248, 0, 'September', 7, 3, 1, NULL, NULL),
(1249, 0, 'September', 7, 4, 1, NULL, NULL),
(1250, 0, 'September', 7, 5, 1, NULL, NULL),
(1251, 0, 'September', 8, 1, 1, NULL, NULL),
(1252, 0, 'September', 8, 2, 1, NULL, NULL),
(1253, 0, 'September', 8, 3, 1, NULL, NULL),
(1254, 0, 'September', 8, 4, 1, NULL, NULL),
(1255, 0, 'September', 8, 5, 1, NULL, NULL),
(1256, 0, 'September', 9, 1, 1, NULL, NULL),
(1257, 0, 'September', 9, 2, 1, NULL, NULL),
(1258, 0, 'September', 9, 3, 1, NULL, NULL),
(1259, 0, 'September', 9, 4, 1, NULL, NULL),
(1260, 0, 'September', 9, 5, 1, NULL, NULL),
(1261, 0, 'September', 10, 1, 1, NULL, NULL),
(1262, 0, 'September', 10, 2, 1, NULL, NULL),
(1263, 0, 'September', 10, 3, 1, NULL, NULL),
(1264, 0, 'September', 10, 4, 1, NULL, NULL),
(1265, 0, 'September', 10, 5, 1, NULL, NULL),
(1266, 0, 'September', 11, 1, 1, NULL, NULL),
(1267, 0, 'September', 11, 2, 1, NULL, NULL),
(1268, 0, 'September', 11, 3, 1, NULL, NULL),
(1269, 0, 'September', 11, 4, 1, NULL, NULL),
(1270, 0, 'September', 11, 5, 1, NULL, NULL),
(1271, 0, 'September', 12, 1, 1, NULL, NULL),
(1272, 0, 'September', 12, 2, 1, NULL, NULL);
INSERT INTO `prayer_user` (`id`, `status`, `month`, `day_arrangement`, `prayer_id`, `user_id`, `created_at`, `updated_at`) VALUES
(1273, 0, 'September', 12, 3, 1, NULL, NULL),
(1274, 0, 'September', 12, 4, 1, NULL, NULL),
(1275, 0, 'September', 12, 5, 1, NULL, NULL),
(1276, 0, 'September', 13, 1, 1, NULL, NULL),
(1277, 0, 'September', 13, 2, 1, NULL, NULL),
(1278, 0, 'September', 13, 3, 1, NULL, NULL),
(1279, 0, 'September', 13, 4, 1, NULL, NULL),
(1280, 0, 'September', 13, 5, 1, NULL, NULL),
(1281, 0, 'September', 14, 1, 1, NULL, NULL),
(1282, 0, 'September', 14, 2, 1, NULL, NULL),
(1283, 0, 'September', 14, 3, 1, NULL, NULL),
(1284, 0, 'September', 14, 4, 1, NULL, NULL),
(1285, 0, 'September', 14, 5, 1, NULL, NULL),
(1286, 0, 'September', 15, 1, 1, NULL, NULL),
(1287, 0, 'September', 15, 2, 1, NULL, NULL),
(1288, 0, 'September', 15, 3, 1, NULL, NULL),
(1289, 0, 'September', 15, 4, 1, NULL, NULL),
(1290, 0, 'September', 15, 5, 1, NULL, NULL),
(1291, 0, 'September', 16, 1, 1, NULL, NULL),
(1292, 0, 'September', 16, 2, 1, NULL, NULL),
(1293, 0, 'September', 16, 3, 1, NULL, NULL),
(1294, 0, 'September', 16, 4, 1, NULL, NULL),
(1295, 0, 'September', 16, 5, 1, NULL, NULL),
(1296, 0, 'September', 17, 1, 1, NULL, NULL),
(1297, 0, 'September', 17, 2, 1, NULL, NULL),
(1298, 0, 'September', 17, 3, 1, NULL, NULL),
(1299, 0, 'September', 17, 4, 1, NULL, NULL),
(1300, 0, 'September', 17, 5, 1, NULL, NULL),
(1301, 0, 'September', 18, 1, 1, NULL, NULL),
(1302, 0, 'September', 18, 2, 1, NULL, NULL),
(1303, 0, 'September', 18, 3, 1, NULL, NULL),
(1304, 0, 'September', 18, 4, 1, NULL, NULL),
(1305, 0, 'September', 18, 5, 1, NULL, NULL),
(1306, 0, 'September', 19, 1, 1, NULL, NULL),
(1307, 0, 'September', 19, 2, 1, NULL, NULL),
(1308, 0, 'September', 19, 3, 1, NULL, NULL),
(1309, 0, 'September', 19, 4, 1, NULL, NULL),
(1310, 0, 'September', 19, 5, 1, NULL, NULL),
(1311, 0, 'September', 20, 1, 1, NULL, NULL),
(1312, 0, 'September', 20, 2, 1, NULL, NULL),
(1313, 0, 'September', 20, 3, 1, NULL, NULL),
(1314, 0, 'September', 20, 4, 1, NULL, NULL),
(1315, 0, 'September', 20, 5, 1, NULL, NULL),
(1316, 0, 'September', 21, 1, 1, NULL, NULL),
(1317, 0, 'September', 21, 2, 1, NULL, NULL),
(1318, 0, 'September', 21, 3, 1, NULL, NULL),
(1319, 0, 'September', 21, 4, 1, NULL, NULL),
(1320, 0, 'September', 21, 5, 1, NULL, NULL),
(1321, 0, 'September', 22, 1, 1, NULL, NULL),
(1322, 0, 'September', 22, 2, 1, NULL, NULL),
(1323, 0, 'September', 22, 3, 1, NULL, NULL),
(1324, 0, 'September', 22, 4, 1, NULL, NULL),
(1325, 0, 'September', 22, 5, 1, NULL, NULL),
(1326, 0, 'September', 23, 1, 1, NULL, NULL),
(1327, 0, 'September', 23, 2, 1, NULL, NULL),
(1328, 0, 'September', 23, 3, 1, NULL, NULL),
(1329, 0, 'September', 23, 4, 1, NULL, NULL),
(1330, 0, 'September', 23, 5, 1, NULL, NULL),
(1331, 0, 'September', 24, 1, 1, NULL, NULL),
(1332, 0, 'September', 24, 2, 1, NULL, NULL),
(1333, 0, 'September', 24, 3, 1, NULL, NULL),
(1334, 0, 'September', 24, 4, 1, NULL, NULL),
(1335, 0, 'September', 24, 5, 1, NULL, NULL),
(1336, 0, 'September', 25, 1, 1, NULL, NULL),
(1337, 0, 'September', 25, 2, 1, NULL, NULL),
(1338, 0, 'September', 25, 3, 1, NULL, NULL),
(1339, 0, 'September', 25, 4, 1, NULL, NULL),
(1340, 0, 'September', 25, 5, 1, NULL, NULL),
(1341, 0, 'September', 26, 1, 1, NULL, NULL),
(1342, 0, 'September', 26, 2, 1, NULL, NULL),
(1343, 0, 'September', 26, 3, 1, NULL, NULL),
(1344, 0, 'September', 26, 4, 1, NULL, NULL),
(1345, 0, 'September', 26, 5, 1, NULL, NULL),
(1346, 0, 'September', 27, 1, 1, NULL, NULL),
(1347, 0, 'September', 27, 2, 1, NULL, NULL),
(1348, 0, 'September', 27, 3, 1, NULL, NULL),
(1349, 0, 'September', 27, 4, 1, NULL, NULL),
(1350, 0, 'September', 27, 5, 1, NULL, NULL),
(1351, 0, 'September', 28, 1, 1, NULL, NULL),
(1352, 0, 'September', 28, 2, 1, NULL, NULL),
(1353, 0, 'September', 28, 3, 1, NULL, NULL),
(1354, 0, 'September', 28, 4, 1, NULL, NULL),
(1355, 0, 'September', 28, 5, 1, NULL, NULL),
(1356, 0, 'September', 29, 1, 1, NULL, NULL),
(1357, 0, 'September', 29, 2, 1, NULL, NULL),
(1358, 0, 'September', 29, 3, 1, NULL, NULL),
(1359, 0, 'September', 29, 4, 1, NULL, NULL),
(1360, 0, 'September', 29, 5, 1, NULL, NULL),
(1361, 0, 'September', 30, 1, 1, NULL, NULL),
(1362, 0, 'September', 30, 2, 1, NULL, NULL),
(1363, 0, 'September', 30, 3, 1, NULL, NULL),
(1364, 0, 'September', 30, 4, 1, NULL, NULL),
(1365, 0, 'September', 30, 5, 1, NULL, NULL),
(1366, 0, 'October', 1, 1, 1, NULL, NULL),
(1367, 0, 'October', 1, 2, 1, NULL, NULL),
(1368, 0, 'October', 1, 3, 1, NULL, NULL),
(1369, 0, 'October', 1, 4, 1, NULL, NULL),
(1370, 0, 'October', 1, 5, 1, NULL, NULL),
(1371, 0, 'October', 2, 1, 1, NULL, NULL),
(1372, 0, 'October', 2, 2, 1, NULL, NULL),
(1373, 0, 'October', 2, 3, 1, NULL, NULL),
(1374, 0, 'October', 2, 4, 1, NULL, NULL),
(1375, 0, 'October', 2, 5, 1, NULL, NULL),
(1376, 0, 'October', 3, 1, 1, NULL, NULL),
(1377, 0, 'October', 3, 2, 1, NULL, NULL),
(1378, 0, 'October', 3, 3, 1, NULL, NULL),
(1379, 0, 'October', 3, 4, 1, NULL, NULL),
(1380, 0, 'October', 3, 5, 1, NULL, NULL),
(1381, 0, 'October', 4, 1, 1, NULL, NULL),
(1382, 0, 'October', 4, 2, 1, NULL, NULL),
(1383, 0, 'October', 4, 3, 1, NULL, NULL),
(1384, 0, 'October', 4, 4, 1, NULL, NULL),
(1385, 0, 'October', 4, 5, 1, NULL, NULL),
(1386, 0, 'October', 5, 1, 1, NULL, NULL),
(1387, 0, 'October', 5, 2, 1, NULL, NULL),
(1388, 0, 'October', 5, 3, 1, NULL, NULL),
(1389, 0, 'October', 5, 4, 1, NULL, NULL),
(1390, 0, 'October', 5, 5, 1, NULL, NULL),
(1391, 0, 'October', 6, 1, 1, NULL, NULL),
(1392, 0, 'October', 6, 2, 1, NULL, NULL),
(1393, 0, 'October', 6, 3, 1, NULL, NULL),
(1394, 0, 'October', 6, 4, 1, NULL, NULL),
(1395, 0, 'October', 6, 5, 1, NULL, NULL),
(1396, 0, 'October', 7, 1, 1, NULL, NULL),
(1397, 0, 'October', 7, 2, 1, NULL, NULL),
(1398, 0, 'October', 7, 3, 1, NULL, NULL),
(1399, 0, 'October', 7, 4, 1, NULL, NULL),
(1400, 0, 'October', 7, 5, 1, NULL, NULL),
(1401, 0, 'October', 8, 1, 1, NULL, NULL),
(1402, 0, 'October', 8, 2, 1, NULL, NULL),
(1403, 0, 'October', 8, 3, 1, NULL, NULL),
(1404, 0, 'October', 8, 4, 1, NULL, NULL),
(1405, 0, 'October', 8, 5, 1, NULL, NULL),
(1406, 0, 'October', 9, 1, 1, NULL, NULL),
(1407, 0, 'October', 9, 2, 1, NULL, NULL),
(1408, 0, 'October', 9, 3, 1, NULL, NULL),
(1409, 0, 'October', 9, 4, 1, NULL, NULL),
(1410, 0, 'October', 9, 5, 1, NULL, NULL),
(1411, 0, 'October', 10, 1, 1, NULL, NULL),
(1412, 0, 'October', 10, 2, 1, NULL, NULL),
(1413, 0, 'October', 10, 3, 1, NULL, NULL),
(1414, 0, 'October', 10, 4, 1, NULL, NULL),
(1415, 0, 'October', 10, 5, 1, NULL, NULL),
(1416, 0, 'October', 11, 1, 1, NULL, NULL),
(1417, 0, 'October', 11, 2, 1, NULL, NULL),
(1418, 0, 'October', 11, 3, 1, NULL, NULL),
(1419, 0, 'October', 11, 4, 1, NULL, NULL),
(1420, 0, 'October', 11, 5, 1, NULL, NULL),
(1421, 0, 'October', 12, 1, 1, NULL, NULL),
(1422, 0, 'October', 12, 2, 1, NULL, NULL),
(1423, 0, 'October', 12, 3, 1, NULL, NULL),
(1424, 0, 'October', 12, 4, 1, NULL, NULL),
(1425, 0, 'October', 12, 5, 1, NULL, NULL),
(1426, 0, 'October', 13, 1, 1, NULL, NULL),
(1427, 0, 'October', 13, 2, 1, NULL, NULL),
(1428, 0, 'October', 13, 3, 1, NULL, NULL),
(1429, 0, 'October', 13, 4, 1, NULL, NULL),
(1430, 0, 'October', 13, 5, 1, NULL, NULL),
(1431, 0, 'October', 14, 1, 1, NULL, NULL),
(1432, 0, 'October', 14, 2, 1, NULL, NULL),
(1433, 0, 'October', 14, 3, 1, NULL, NULL),
(1434, 0, 'October', 14, 4, 1, NULL, NULL),
(1435, 0, 'October', 14, 5, 1, NULL, NULL),
(1436, 0, 'October', 15, 1, 1, NULL, NULL),
(1437, 0, 'October', 15, 2, 1, NULL, NULL),
(1438, 0, 'October', 15, 3, 1, NULL, NULL),
(1439, 0, 'October', 15, 4, 1, NULL, NULL),
(1440, 0, 'October', 15, 5, 1, NULL, NULL),
(1441, 0, 'October', 16, 1, 1, NULL, NULL),
(1442, 0, 'October', 16, 2, 1, NULL, NULL),
(1443, 0, 'October', 16, 3, 1, NULL, NULL),
(1444, 0, 'October', 16, 4, 1, NULL, NULL),
(1445, 0, 'October', 16, 5, 1, NULL, NULL),
(1446, 0, 'October', 17, 1, 1, NULL, NULL),
(1447, 0, 'October', 17, 2, 1, NULL, NULL),
(1448, 0, 'October', 17, 3, 1, NULL, NULL),
(1449, 0, 'October', 17, 4, 1, NULL, NULL),
(1450, 0, 'October', 17, 5, 1, NULL, NULL),
(1451, 0, 'October', 18, 1, 1, NULL, NULL),
(1452, 0, 'October', 18, 2, 1, NULL, NULL),
(1453, 0, 'October', 18, 3, 1, NULL, NULL),
(1454, 0, 'October', 18, 4, 1, NULL, NULL),
(1455, 0, 'October', 18, 5, 1, NULL, NULL),
(1456, 0, 'October', 19, 1, 1, NULL, NULL),
(1457, 0, 'October', 19, 2, 1, NULL, NULL),
(1458, 0, 'October', 19, 3, 1, NULL, NULL),
(1459, 0, 'October', 19, 4, 1, NULL, NULL),
(1460, 0, 'October', 19, 5, 1, NULL, NULL),
(1461, 0, 'October', 20, 1, 1, NULL, NULL),
(1462, 0, 'October', 20, 2, 1, NULL, NULL),
(1463, 0, 'October', 20, 3, 1, NULL, NULL),
(1464, 0, 'October', 20, 4, 1, NULL, NULL),
(1465, 0, 'October', 20, 5, 1, NULL, NULL),
(1466, 0, 'October', 21, 1, 1, NULL, NULL),
(1467, 0, 'October', 21, 2, 1, NULL, NULL),
(1468, 0, 'October', 21, 3, 1, NULL, NULL),
(1469, 0, 'October', 21, 4, 1, NULL, NULL),
(1470, 0, 'October', 21, 5, 1, NULL, NULL),
(1471, 0, 'October', 22, 1, 1, NULL, NULL),
(1472, 0, 'October', 22, 2, 1, NULL, NULL),
(1473, 0, 'October', 22, 3, 1, NULL, NULL),
(1474, 0, 'October', 22, 4, 1, NULL, NULL),
(1475, 0, 'October', 22, 5, 1, NULL, NULL),
(1476, 0, 'October', 23, 1, 1, NULL, NULL),
(1477, 0, 'October', 23, 2, 1, NULL, NULL),
(1478, 0, 'October', 23, 3, 1, NULL, NULL),
(1479, 0, 'October', 23, 4, 1, NULL, NULL),
(1480, 0, 'October', 23, 5, 1, NULL, NULL),
(1481, 0, 'October', 24, 1, 1, NULL, NULL),
(1482, 0, 'October', 24, 2, 1, NULL, NULL),
(1483, 0, 'October', 24, 3, 1, NULL, NULL),
(1484, 0, 'October', 24, 4, 1, NULL, NULL),
(1485, 0, 'October', 24, 5, 1, NULL, NULL),
(1486, 0, 'October', 25, 1, 1, NULL, NULL),
(1487, 0, 'October', 25, 2, 1, NULL, NULL),
(1488, 0, 'October', 25, 3, 1, NULL, NULL),
(1489, 0, 'October', 25, 4, 1, NULL, NULL),
(1490, 0, 'October', 25, 5, 1, NULL, NULL),
(1491, 0, 'October', 26, 1, 1, NULL, NULL),
(1492, 0, 'October', 26, 2, 1, NULL, NULL),
(1493, 0, 'October', 26, 3, 1, NULL, NULL),
(1494, 0, 'October', 26, 4, 1, NULL, NULL),
(1495, 0, 'October', 26, 5, 1, NULL, NULL),
(1496, 0, 'October', 27, 1, 1, NULL, NULL),
(1497, 0, 'October', 27, 2, 1, NULL, NULL),
(1498, 0, 'October', 27, 3, 1, NULL, NULL),
(1499, 0, 'October', 27, 4, 1, NULL, NULL),
(1500, 0, 'October', 27, 5, 1, NULL, NULL),
(1501, 0, 'October', 28, 1, 1, NULL, NULL),
(1502, 0, 'October', 28, 2, 1, NULL, NULL),
(1503, 0, 'October', 28, 3, 1, NULL, NULL),
(1504, 0, 'October', 28, 4, 1, NULL, NULL),
(1505, 0, 'October', 28, 5, 1, NULL, NULL),
(1506, 0, 'October', 29, 1, 1, NULL, NULL),
(1507, 0, 'October', 29, 2, 1, NULL, NULL),
(1508, 0, 'October', 29, 3, 1, NULL, NULL),
(1509, 0, 'October', 29, 4, 1, NULL, NULL),
(1510, 0, 'October', 29, 5, 1, NULL, NULL),
(1511, 0, 'October', 30, 1, 1, NULL, NULL),
(1512, 0, 'October', 30, 2, 1, NULL, NULL),
(1513, 0, 'October', 30, 3, 1, NULL, NULL),
(1514, 0, 'October', 30, 4, 1, NULL, NULL),
(1515, 0, 'October', 30, 5, 1, NULL, NULL),
(1516, 0, 'October', 31, 1, 1, NULL, NULL),
(1517, 0, 'October', 31, 2, 1, NULL, NULL),
(1518, 0, 'October', 31, 3, 1, NULL, NULL),
(1519, 0, 'October', 31, 4, 1, NULL, NULL),
(1520, 0, 'October', 31, 5, 1, NULL, NULL),
(1521, 0, 'November', 1, 1, 1, NULL, NULL),
(1522, 0, 'November', 1, 2, 1, NULL, NULL),
(1523, 0, 'November', 1, 3, 1, NULL, NULL),
(1524, 0, 'November', 1, 4, 1, NULL, NULL),
(1525, 0, 'November', 1, 5, 1, NULL, NULL),
(1526, 0, 'November', 2, 1, 1, NULL, NULL),
(1527, 0, 'November', 2, 2, 1, NULL, NULL),
(1528, 0, 'November', 2, 3, 1, NULL, NULL),
(1529, 0, 'November', 2, 4, 1, NULL, NULL),
(1530, 0, 'November', 2, 5, 1, NULL, NULL),
(1531, 0, 'November', 3, 1, 1, NULL, NULL),
(1532, 0, 'November', 3, 2, 1, NULL, NULL),
(1533, 0, 'November', 3, 3, 1, NULL, NULL),
(1534, 0, 'November', 3, 4, 1, NULL, NULL),
(1535, 0, 'November', 3, 5, 1, NULL, NULL),
(1536, 0, 'November', 4, 1, 1, NULL, NULL),
(1537, 0, 'November', 4, 2, 1, NULL, NULL),
(1538, 0, 'November', 4, 3, 1, NULL, NULL),
(1539, 0, 'November', 4, 4, 1, NULL, NULL),
(1540, 0, 'November', 4, 5, 1, NULL, NULL),
(1541, 0, 'November', 5, 1, 1, NULL, NULL),
(1542, 0, 'November', 5, 2, 1, NULL, NULL),
(1543, 0, 'November', 5, 3, 1, NULL, NULL),
(1544, 0, 'November', 5, 4, 1, NULL, NULL),
(1545, 0, 'November', 5, 5, 1, NULL, NULL),
(1546, 0, 'November', 6, 1, 1, NULL, NULL),
(1547, 0, 'November', 6, 2, 1, NULL, NULL),
(1548, 0, 'November', 6, 3, 1, NULL, NULL),
(1549, 0, 'November', 6, 4, 1, NULL, NULL),
(1550, 0, 'November', 6, 5, 1, NULL, NULL),
(1551, 0, 'November', 7, 1, 1, NULL, NULL),
(1552, 0, 'November', 7, 2, 1, NULL, NULL),
(1553, 0, 'November', 7, 3, 1, NULL, NULL),
(1554, 0, 'November', 7, 4, 1, NULL, NULL),
(1555, 0, 'November', 7, 5, 1, NULL, NULL),
(1556, 0, 'November', 8, 1, 1, NULL, NULL),
(1557, 0, 'November', 8, 2, 1, NULL, NULL),
(1558, 0, 'November', 8, 3, 1, NULL, NULL),
(1559, 0, 'November', 8, 4, 1, NULL, NULL),
(1560, 0, 'November', 8, 5, 1, NULL, NULL),
(1561, 0, 'November', 9, 1, 1, NULL, NULL),
(1562, 0, 'November', 9, 2, 1, NULL, NULL),
(1563, 0, 'November', 9, 3, 1, NULL, NULL),
(1564, 0, 'November', 9, 4, 1, NULL, NULL),
(1565, 0, 'November', 9, 5, 1, NULL, NULL),
(1566, 0, 'November', 10, 1, 1, NULL, NULL),
(1567, 0, 'November', 10, 2, 1, NULL, NULL),
(1568, 0, 'November', 10, 3, 1, NULL, NULL),
(1569, 0, 'November', 10, 4, 1, NULL, NULL),
(1570, 0, 'November', 10, 5, 1, NULL, NULL),
(1571, 0, 'November', 11, 1, 1, NULL, NULL),
(1572, 0, 'November', 11, 2, 1, NULL, NULL),
(1573, 0, 'November', 11, 3, 1, NULL, NULL),
(1574, 0, 'November', 11, 4, 1, NULL, NULL),
(1575, 0, 'November', 11, 5, 1, NULL, NULL),
(1576, 0, 'November', 12, 1, 1, NULL, NULL),
(1577, 0, 'November', 12, 2, 1, NULL, NULL),
(1578, 0, 'November', 12, 3, 1, NULL, NULL),
(1579, 0, 'November', 12, 4, 1, NULL, NULL),
(1580, 0, 'November', 12, 5, 1, NULL, NULL),
(1581, 0, 'November', 13, 1, 1, NULL, NULL),
(1582, 0, 'November', 13, 2, 1, NULL, NULL),
(1583, 0, 'November', 13, 3, 1, NULL, NULL),
(1584, 0, 'November', 13, 4, 1, NULL, NULL),
(1585, 0, 'November', 13, 5, 1, NULL, NULL),
(1586, 0, 'November', 14, 1, 1, NULL, NULL),
(1587, 0, 'November', 14, 2, 1, NULL, NULL),
(1588, 0, 'November', 14, 3, 1, NULL, NULL),
(1589, 0, 'November', 14, 4, 1, NULL, NULL),
(1590, 0, 'November', 14, 5, 1, NULL, NULL),
(1591, 0, 'November', 15, 1, 1, NULL, NULL),
(1592, 0, 'November', 15, 2, 1, NULL, NULL),
(1593, 0, 'November', 15, 3, 1, NULL, NULL),
(1594, 0, 'November', 15, 4, 1, NULL, NULL),
(1595, 0, 'November', 15, 5, 1, NULL, NULL),
(1596, 0, 'November', 16, 1, 1, NULL, NULL),
(1597, 0, 'November', 16, 2, 1, NULL, NULL),
(1598, 0, 'November', 16, 3, 1, NULL, NULL),
(1599, 0, 'November', 16, 4, 1, NULL, NULL),
(1600, 0, 'November', 16, 5, 1, NULL, NULL),
(1601, 0, 'November', 17, 1, 1, NULL, NULL),
(1602, 0, 'November', 17, 2, 1, NULL, NULL),
(1603, 0, 'November', 17, 3, 1, NULL, NULL),
(1604, 0, 'November', 17, 4, 1, NULL, NULL),
(1605, 0, 'November', 17, 5, 1, NULL, NULL),
(1606, 0, 'November', 18, 1, 1, NULL, NULL),
(1607, 0, 'November', 18, 2, 1, NULL, NULL),
(1608, 0, 'November', 18, 3, 1, NULL, NULL),
(1609, 0, 'November', 18, 4, 1, NULL, NULL),
(1610, 0, 'November', 18, 5, 1, NULL, NULL),
(1611, 0, 'November', 19, 1, 1, NULL, NULL),
(1612, 0, 'November', 19, 2, 1, NULL, NULL),
(1613, 0, 'November', 19, 3, 1, NULL, NULL),
(1614, 0, 'November', 19, 4, 1, NULL, NULL),
(1615, 0, 'November', 19, 5, 1, NULL, NULL),
(1616, 0, 'November', 20, 1, 1, NULL, NULL),
(1617, 0, 'November', 20, 2, 1, NULL, NULL),
(1618, 0, 'November', 20, 3, 1, NULL, NULL),
(1619, 0, 'November', 20, 4, 1, NULL, NULL),
(1620, 0, 'November', 20, 5, 1, NULL, NULL),
(1621, 0, 'November', 21, 1, 1, NULL, NULL),
(1622, 0, 'November', 21, 2, 1, NULL, NULL),
(1623, 0, 'November', 21, 3, 1, NULL, NULL),
(1624, 0, 'November', 21, 4, 1, NULL, NULL),
(1625, 0, 'November', 21, 5, 1, NULL, NULL),
(1626, 0, 'November', 22, 1, 1, NULL, NULL),
(1627, 0, 'November', 22, 2, 1, NULL, NULL),
(1628, 0, 'November', 22, 3, 1, NULL, NULL),
(1629, 0, 'November', 22, 4, 1, NULL, NULL),
(1630, 0, 'November', 22, 5, 1, NULL, NULL),
(1631, 0, 'November', 23, 1, 1, NULL, NULL),
(1632, 0, 'November', 23, 2, 1, NULL, NULL),
(1633, 0, 'November', 23, 3, 1, NULL, NULL),
(1634, 0, 'November', 23, 4, 1, NULL, NULL),
(1635, 0, 'November', 23, 5, 1, NULL, NULL),
(1636, 0, 'November', 24, 1, 1, NULL, NULL),
(1637, 0, 'November', 24, 2, 1, NULL, NULL),
(1638, 0, 'November', 24, 3, 1, NULL, NULL),
(1639, 0, 'November', 24, 4, 1, NULL, NULL),
(1640, 0, 'November', 24, 5, 1, NULL, NULL),
(1641, 0, 'November', 25, 1, 1, NULL, NULL),
(1642, 0, 'November', 25, 2, 1, NULL, NULL),
(1643, 0, 'November', 25, 3, 1, NULL, NULL),
(1644, 0, 'November', 25, 4, 1, NULL, NULL),
(1645, 0, 'November', 25, 5, 1, NULL, NULL),
(1646, 0, 'November', 26, 1, 1, NULL, NULL),
(1647, 0, 'November', 26, 2, 1, NULL, NULL),
(1648, 0, 'November', 26, 3, 1, NULL, NULL),
(1649, 0, 'November', 26, 4, 1, NULL, NULL),
(1650, 0, 'November', 26, 5, 1, NULL, NULL),
(1651, 0, 'November', 27, 1, 1, NULL, NULL),
(1652, 0, 'November', 27, 2, 1, NULL, NULL),
(1653, 0, 'November', 27, 3, 1, NULL, NULL),
(1654, 0, 'November', 27, 4, 1, NULL, NULL),
(1655, 0, 'November', 27, 5, 1, NULL, NULL),
(1656, 0, 'November', 28, 1, 1, NULL, NULL),
(1657, 0, 'November', 28, 2, 1, NULL, NULL),
(1658, 0, 'November', 28, 3, 1, NULL, NULL),
(1659, 0, 'November', 28, 4, 1, NULL, NULL),
(1660, 0, 'November', 28, 5, 1, NULL, NULL),
(1661, 0, 'November', 29, 1, 1, NULL, NULL),
(1662, 0, 'November', 29, 2, 1, NULL, NULL),
(1663, 0, 'November', 29, 3, 1, NULL, NULL),
(1664, 0, 'November', 29, 4, 1, NULL, NULL),
(1665, 0, 'November', 29, 5, 1, NULL, NULL),
(1666, 0, 'November', 30, 1, 1, NULL, NULL),
(1667, 0, 'November', 30, 2, 1, NULL, NULL),
(1668, 0, 'November', 30, 3, 1, NULL, NULL),
(1669, 0, 'November', 30, 4, 1, NULL, NULL),
(1670, 0, 'November', 30, 5, 1, NULL, NULL),
(1671, 0, 'December', 1, 1, 1, NULL, NULL),
(1672, 0, 'December', 1, 2, 1, NULL, NULL),
(1673, 0, 'December', 1, 3, 1, NULL, NULL),
(1674, 0, 'December', 1, 4, 1, NULL, NULL),
(1675, 0, 'December', 1, 5, 1, NULL, NULL),
(1676, 0, 'December', 2, 1, 1, NULL, NULL),
(1677, 0, 'December', 2, 2, 1, NULL, NULL),
(1678, 0, 'December', 2, 3, 1, NULL, NULL),
(1679, 0, 'December', 2, 4, 1, NULL, NULL),
(1680, 0, 'December', 2, 5, 1, NULL, NULL),
(1681, 0, 'December', 3, 1, 1, NULL, NULL),
(1682, 0, 'December', 3, 2, 1, NULL, NULL),
(1683, 0, 'December', 3, 3, 1, NULL, NULL),
(1684, 0, 'December', 3, 4, 1, NULL, NULL),
(1685, 0, 'December', 3, 5, 1, NULL, NULL),
(1686, 0, 'December', 4, 1, 1, NULL, NULL),
(1687, 0, 'December', 4, 2, 1, NULL, NULL),
(1688, 0, 'December', 4, 3, 1, NULL, NULL),
(1689, 0, 'December', 4, 4, 1, NULL, NULL),
(1690, 0, 'December', 4, 5, 1, NULL, NULL),
(1691, 0, 'December', 5, 1, 1, NULL, NULL),
(1692, 0, 'December', 5, 2, 1, NULL, NULL),
(1693, 0, 'December', 5, 3, 1, NULL, NULL),
(1694, 0, 'December', 5, 4, 1, NULL, NULL),
(1695, 0, 'December', 5, 5, 1, NULL, NULL),
(1696, 0, 'December', 6, 1, 1, NULL, NULL),
(1697, 0, 'December', 6, 2, 1, NULL, NULL),
(1698, 0, 'December', 6, 3, 1, NULL, NULL),
(1699, 0, 'December', 6, 4, 1, NULL, NULL),
(1700, 0, 'December', 6, 5, 1, NULL, NULL),
(1701, 0, 'December', 7, 1, 1, NULL, NULL),
(1702, 0, 'December', 7, 2, 1, NULL, NULL),
(1703, 0, 'December', 7, 3, 1, NULL, NULL),
(1704, 0, 'December', 7, 4, 1, NULL, NULL),
(1705, 0, 'December', 7, 5, 1, NULL, NULL),
(1706, 0, 'December', 8, 1, 1, NULL, NULL),
(1707, 0, 'December', 8, 2, 1, NULL, NULL),
(1708, 0, 'December', 8, 3, 1, NULL, NULL),
(1709, 0, 'December', 8, 4, 1, NULL, NULL),
(1710, 0, 'December', 8, 5, 1, NULL, NULL),
(1711, 0, 'December', 9, 1, 1, NULL, NULL),
(1712, 0, 'December', 9, 2, 1, NULL, NULL),
(1713, 0, 'December', 9, 3, 1, NULL, NULL),
(1714, 0, 'December', 9, 4, 1, NULL, NULL),
(1715, 0, 'December', 9, 5, 1, NULL, NULL),
(1716, 0, 'December', 10, 1, 1, NULL, NULL),
(1717, 0, 'December', 10, 2, 1, NULL, NULL),
(1718, 0, 'December', 10, 3, 1, NULL, NULL),
(1719, 0, 'December', 10, 4, 1, NULL, NULL),
(1720, 0, 'December', 10, 5, 1, NULL, NULL),
(1721, 0, 'December', 11, 1, 1, NULL, NULL),
(1722, 0, 'December', 11, 2, 1, NULL, NULL),
(1723, 0, 'December', 11, 3, 1, NULL, NULL),
(1724, 0, 'December', 11, 4, 1, NULL, NULL),
(1725, 0, 'December', 11, 5, 1, NULL, NULL),
(1726, 0, 'December', 12, 1, 1, NULL, NULL),
(1727, 0, 'December', 12, 2, 1, NULL, NULL),
(1728, 0, 'December', 12, 3, 1, NULL, NULL),
(1729, 0, 'December', 12, 4, 1, NULL, NULL),
(1730, 0, 'December', 12, 5, 1, NULL, NULL),
(1731, 0, 'December', 13, 1, 1, NULL, NULL),
(1732, 0, 'December', 13, 2, 1, NULL, NULL),
(1733, 0, 'December', 13, 3, 1, NULL, NULL),
(1734, 0, 'December', 13, 4, 1, NULL, NULL),
(1735, 0, 'December', 13, 5, 1, NULL, NULL),
(1736, 0, 'December', 14, 1, 1, NULL, NULL),
(1737, 0, 'December', 14, 2, 1, NULL, NULL),
(1738, 0, 'December', 14, 3, 1, NULL, NULL),
(1739, 0, 'December', 14, 4, 1, NULL, NULL),
(1740, 0, 'December', 14, 5, 1, NULL, NULL),
(1741, 0, 'December', 15, 1, 1, NULL, NULL),
(1742, 0, 'December', 15, 2, 1, NULL, NULL),
(1743, 0, 'December', 15, 3, 1, NULL, NULL),
(1744, 0, 'December', 15, 4, 1, NULL, NULL),
(1745, 0, 'December', 15, 5, 1, NULL, NULL),
(1746, 0, 'December', 16, 1, 1, NULL, NULL),
(1747, 0, 'December', 16, 2, 1, NULL, NULL),
(1748, 0, 'December', 16, 3, 1, NULL, NULL),
(1749, 0, 'December', 16, 4, 1, NULL, NULL),
(1750, 0, 'December', 16, 5, 1, NULL, NULL),
(1751, 0, 'December', 17, 1, 1, NULL, NULL),
(1752, 0, 'December', 17, 2, 1, NULL, NULL),
(1753, 0, 'December', 17, 3, 1, NULL, NULL),
(1754, 0, 'December', 17, 4, 1, NULL, NULL),
(1755, 0, 'December', 17, 5, 1, NULL, NULL),
(1756, 0, 'December', 18, 1, 1, NULL, NULL),
(1757, 0, 'December', 18, 2, 1, NULL, NULL),
(1758, 0, 'December', 18, 3, 1, NULL, NULL),
(1759, 0, 'December', 18, 4, 1, NULL, NULL),
(1760, 0, 'December', 18, 5, 1, NULL, NULL),
(1761, 0, 'December', 19, 1, 1, NULL, NULL),
(1762, 0, 'December', 19, 2, 1, NULL, NULL),
(1763, 0, 'December', 19, 3, 1, NULL, NULL),
(1764, 0, 'December', 19, 4, 1, NULL, NULL),
(1765, 0, 'December', 19, 5, 1, NULL, NULL),
(1766, 0, 'December', 20, 1, 1, NULL, NULL),
(1767, 0, 'December', 20, 2, 1, NULL, NULL),
(1768, 0, 'December', 20, 3, 1, NULL, NULL),
(1769, 0, 'December', 20, 4, 1, NULL, NULL),
(1770, 0, 'December', 20, 5, 1, NULL, NULL),
(1771, 0, 'December', 21, 1, 1, NULL, NULL),
(1772, 0, 'December', 21, 2, 1, NULL, NULL),
(1773, 0, 'December', 21, 3, 1, NULL, NULL),
(1774, 0, 'December', 21, 4, 1, NULL, NULL),
(1775, 0, 'December', 21, 5, 1, NULL, NULL),
(1776, 0, 'December', 22, 1, 1, NULL, NULL),
(1777, 0, 'December', 22, 2, 1, NULL, NULL),
(1778, 0, 'December', 22, 3, 1, NULL, NULL),
(1779, 0, 'December', 22, 4, 1, NULL, NULL),
(1780, 0, 'December', 22, 5, 1, NULL, NULL),
(1781, 0, 'December', 23, 1, 1, NULL, NULL),
(1782, 0, 'December', 23, 2, 1, NULL, NULL),
(1783, 0, 'December', 23, 3, 1, NULL, NULL),
(1784, 0, 'December', 23, 4, 1, NULL, NULL),
(1785, 0, 'December', 23, 5, 1, NULL, NULL),
(1786, 0, 'December', 24, 1, 1, NULL, NULL),
(1787, 0, 'December', 24, 2, 1, NULL, NULL),
(1788, 0, 'December', 24, 3, 1, NULL, NULL),
(1789, 0, 'December', 24, 4, 1, NULL, NULL),
(1790, 0, 'December', 24, 5, 1, NULL, NULL),
(1791, 0, 'December', 25, 1, 1, NULL, NULL),
(1792, 0, 'December', 25, 2, 1, NULL, NULL),
(1793, 0, 'December', 25, 3, 1, NULL, NULL),
(1794, 0, 'December', 25, 4, 1, NULL, NULL),
(1795, 0, 'December', 25, 5, 1, NULL, NULL),
(1796, 0, 'December', 26, 1, 1, NULL, NULL),
(1797, 0, 'December', 26, 2, 1, NULL, NULL),
(1798, 0, 'December', 26, 3, 1, NULL, NULL),
(1799, 0, 'December', 26, 4, 1, NULL, NULL),
(1800, 0, 'December', 26, 5, 1, NULL, NULL),
(1801, 0, 'December', 27, 1, 1, NULL, NULL),
(1802, 0, 'December', 27, 2, 1, NULL, NULL),
(1803, 0, 'December', 27, 3, 1, NULL, NULL),
(1804, 0, 'December', 27, 4, 1, NULL, NULL),
(1805, 0, 'December', 27, 5, 1, NULL, NULL),
(1806, 0, 'December', 28, 1, 1, NULL, NULL),
(1807, 0, 'December', 28, 2, 1, NULL, NULL),
(1808, 0, 'December', 28, 3, 1, NULL, NULL),
(1809, 0, 'December', 28, 4, 1, NULL, NULL),
(1810, 0, 'December', 28, 5, 1, NULL, NULL),
(1811, 0, 'December', 29, 1, 1, NULL, NULL),
(1812, 0, 'December', 29, 2, 1, NULL, NULL),
(1813, 0, 'December', 29, 3, 1, NULL, NULL),
(1814, 0, 'December', 29, 4, 1, NULL, NULL),
(1815, 0, 'December', 29, 5, 1, NULL, NULL),
(1816, 0, 'December', 30, 1, 1, NULL, NULL),
(1817, 0, 'December', 30, 2, 1, NULL, NULL),
(1818, 0, 'December', 30, 3, 1, NULL, NULL),
(1819, 0, 'December', 30, 4, 1, NULL, NULL),
(1820, 0, 'December', 30, 5, 1, NULL, NULL),
(1821, 0, 'December', 31, 1, 1, NULL, NULL),
(1822, 0, 'December', 31, 2, 1, NULL, NULL),
(1823, 0, 'December', 31, 3, 1, NULL, NULL),
(1824, 0, 'December', 31, 4, 1, NULL, NULL),
(1825, 0, 'December', 31, 5, 1, NULL, NULL),
(1826, 0, 'January', 1, 1, 3, NULL, NULL),
(1827, 0, 'January', 1, 2, 3, NULL, NULL),
(1828, 1, 'January', 1, 3, 3, NULL, NULL),
(1829, 0, 'January', 1, 4, 3, NULL, NULL),
(1830, 0, 'January', 1, 5, 3, NULL, NULL),
(1831, 0, 'January', 2, 1, 3, NULL, NULL),
(1832, 1, 'January', 2, 2, 3, NULL, NULL),
(1833, 2, 'January', 2, 3, 3, NULL, NULL),
(1834, 0, 'January', 2, 4, 3, NULL, NULL),
(1835, 0, 'January', 2, 5, 3, NULL, NULL),
(1836, 0, 'January', 3, 1, 3, NULL, NULL),
(1837, 0, 'January', 3, 2, 3, NULL, NULL),
(1838, 0, 'January', 3, 3, 3, NULL, NULL),
(1839, 0, 'January', 3, 4, 3, NULL, NULL),
(1840, 0, 'January', 3, 5, 3, NULL, NULL),
(1841, 0, 'January', 4, 1, 3, NULL, NULL),
(1842, 0, 'January', 4, 2, 3, NULL, NULL),
(1843, 0, 'January', 4, 3, 3, NULL, NULL),
(1844, 0, 'January', 4, 4, 3, NULL, NULL),
(1845, 0, 'January', 4, 5, 3, NULL, NULL),
(1846, 0, 'January', 5, 1, 3, NULL, NULL),
(1847, 0, 'January', 5, 2, 3, NULL, NULL),
(1848, 0, 'January', 5, 3, 3, NULL, NULL),
(1849, 0, 'January', 5, 4, 3, NULL, NULL),
(1850, 0, 'January', 5, 5, 3, NULL, NULL),
(1851, 0, 'January', 6, 1, 3, NULL, NULL),
(1852, 0, 'January', 6, 2, 3, NULL, NULL),
(1853, 0, 'January', 6, 3, 3, NULL, NULL),
(1854, 0, 'January', 6, 4, 3, NULL, NULL),
(1855, 0, 'January', 6, 5, 3, NULL, NULL),
(1856, 0, 'January', 7, 1, 3, NULL, NULL),
(1857, 0, 'January', 7, 2, 3, NULL, NULL),
(1858, 0, 'January', 7, 3, 3, NULL, NULL),
(1859, 0, 'January', 7, 4, 3, NULL, NULL),
(1860, 0, 'January', 7, 5, 3, NULL, NULL),
(1861, 0, 'January', 8, 1, 3, NULL, NULL),
(1862, 0, 'January', 8, 2, 3, NULL, NULL),
(1863, 0, 'January', 8, 3, 3, NULL, NULL),
(1864, 0, 'January', 8, 4, 3, NULL, NULL),
(1865, 0, 'January', 8, 5, 3, NULL, NULL),
(1866, 0, 'January', 9, 1, 3, NULL, NULL),
(1867, 0, 'January', 9, 2, 3, NULL, NULL),
(1868, 0, 'January', 9, 3, 3, NULL, NULL),
(1869, 0, 'January', 9, 4, 3, NULL, NULL),
(1870, 0, 'January', 9, 5, 3, NULL, NULL),
(1871, 0, 'January', 10, 1, 3, NULL, NULL),
(1872, 0, 'January', 10, 2, 3, NULL, NULL),
(1873, 0, 'January', 10, 3, 3, NULL, NULL),
(1874, 0, 'January', 10, 4, 3, NULL, NULL),
(1875, 0, 'January', 10, 5, 3, NULL, NULL),
(1876, 0, 'January', 11, 1, 3, NULL, NULL),
(1877, 0, 'January', 11, 2, 3, NULL, NULL),
(1878, 0, 'January', 11, 3, 3, NULL, NULL),
(1879, 0, 'January', 11, 4, 3, NULL, NULL),
(1880, 0, 'January', 11, 5, 3, NULL, NULL),
(1881, 0, 'January', 12, 1, 3, NULL, NULL),
(1882, 0, 'January', 12, 2, 3, NULL, NULL),
(1883, 0, 'January', 12, 3, 3, NULL, NULL),
(1884, 0, 'January', 12, 4, 3, NULL, NULL),
(1885, 0, 'January', 12, 5, 3, NULL, NULL),
(1886, 0, 'January', 13, 1, 3, NULL, NULL),
(1887, 0, 'January', 13, 2, 3, NULL, NULL),
(1888, 0, 'January', 13, 3, 3, NULL, NULL),
(1889, 0, 'January', 13, 4, 3, NULL, NULL),
(1890, 0, 'January', 13, 5, 3, NULL, NULL),
(1891, 0, 'January', 14, 1, 3, NULL, NULL),
(1892, 0, 'January', 14, 2, 3, NULL, NULL),
(1893, 0, 'January', 14, 3, 3, NULL, NULL),
(1894, 0, 'January', 14, 4, 3, NULL, NULL),
(1895, 0, 'January', 14, 5, 3, NULL, NULL),
(1896, 0, 'January', 15, 1, 3, NULL, NULL),
(1897, 0, 'January', 15, 2, 3, NULL, NULL),
(1898, 0, 'January', 15, 3, 3, NULL, NULL),
(1899, 0, 'January', 15, 4, 3, NULL, NULL),
(1900, 0, 'January', 15, 5, 3, NULL, NULL),
(1901, 0, 'January', 16, 1, 3, NULL, NULL),
(1902, 0, 'January', 16, 2, 3, NULL, NULL),
(1903, 0, 'January', 16, 3, 3, NULL, NULL),
(1904, 0, 'January', 16, 4, 3, NULL, NULL),
(1905, 0, 'January', 16, 5, 3, NULL, NULL),
(1906, 0, 'January', 17, 1, 3, NULL, NULL),
(1907, 0, 'January', 17, 2, 3, NULL, NULL),
(1908, 0, 'January', 17, 3, 3, NULL, NULL),
(1909, 0, 'January', 17, 4, 3, NULL, NULL),
(1910, 0, 'January', 17, 5, 3, NULL, NULL),
(1911, 0, 'January', 18, 1, 3, NULL, NULL),
(1912, 0, 'January', 18, 2, 3, NULL, NULL),
(1913, 0, 'January', 18, 3, 3, NULL, NULL),
(1914, 0, 'January', 18, 4, 3, NULL, NULL),
(1915, 0, 'January', 18, 5, 3, NULL, NULL),
(1916, 0, 'January', 19, 1, 3, NULL, NULL),
(1917, 0, 'January', 19, 2, 3, NULL, NULL),
(1918, 0, 'January', 19, 3, 3, NULL, NULL),
(1919, 0, 'January', 19, 4, 3, NULL, NULL),
(1920, 0, 'January', 19, 5, 3, NULL, NULL),
(1921, 0, 'January', 20, 1, 3, NULL, NULL),
(1922, 0, 'January', 20, 2, 3, NULL, NULL),
(1923, 0, 'January', 20, 3, 3, NULL, NULL),
(1924, 0, 'January', 20, 4, 3, NULL, NULL),
(1925, 0, 'January', 20, 5, 3, NULL, NULL),
(1926, 0, 'January', 21, 1, 3, NULL, NULL),
(1927, 0, 'January', 21, 2, 3, NULL, NULL),
(1928, 0, 'January', 21, 3, 3, NULL, NULL),
(1929, 0, 'January', 21, 4, 3, NULL, NULL),
(1930, 0, 'January', 21, 5, 3, NULL, NULL),
(1931, 0, 'January', 22, 1, 3, NULL, NULL),
(1932, 0, 'January', 22, 2, 3, NULL, NULL),
(1933, 0, 'January', 22, 3, 3, NULL, NULL),
(1934, 0, 'January', 22, 4, 3, NULL, NULL),
(1935, 0, 'January', 22, 5, 3, NULL, NULL),
(1936, 0, 'January', 23, 1, 3, NULL, NULL),
(1937, 0, 'January', 23, 2, 3, NULL, NULL),
(1938, 0, 'January', 23, 3, 3, NULL, NULL),
(1939, 0, 'January', 23, 4, 3, NULL, NULL),
(1940, 0, 'January', 23, 5, 3, NULL, NULL),
(1941, 0, 'January', 24, 1, 3, NULL, NULL),
(1942, 0, 'January', 24, 2, 3, NULL, NULL),
(1943, 0, 'January', 24, 3, 3, NULL, NULL),
(1944, 0, 'January', 24, 4, 3, NULL, NULL),
(1945, 0, 'January', 24, 5, 3, NULL, NULL),
(1946, 0, 'January', 25, 1, 3, NULL, NULL),
(1947, 0, 'January', 25, 2, 3, NULL, NULL),
(1948, 0, 'January', 25, 3, 3, NULL, NULL),
(1949, 0, 'January', 25, 4, 3, NULL, NULL),
(1950, 0, 'January', 25, 5, 3, NULL, NULL),
(1951, 0, 'January', 26, 1, 3, NULL, NULL),
(1952, 0, 'January', 26, 2, 3, NULL, NULL),
(1953, 0, 'January', 26, 3, 3, NULL, NULL),
(1954, 0, 'January', 26, 4, 3, NULL, NULL),
(1955, 0, 'January', 26, 5, 3, NULL, NULL),
(1956, 0, 'January', 27, 1, 3, NULL, NULL),
(1957, 0, 'January', 27, 2, 3, NULL, NULL),
(1958, 0, 'January', 27, 3, 3, NULL, NULL),
(1959, 0, 'January', 27, 4, 3, NULL, NULL),
(1960, 0, 'January', 27, 5, 3, NULL, NULL),
(1961, 0, 'January', 28, 1, 3, NULL, NULL),
(1962, 0, 'January', 28, 2, 3, NULL, NULL),
(1963, 0, 'January', 28, 3, 3, NULL, NULL),
(1964, 0, 'January', 28, 4, 3, NULL, NULL),
(1965, 0, 'January', 28, 5, 3, NULL, NULL),
(1966, 0, 'January', 29, 1, 3, NULL, NULL),
(1967, 0, 'January', 29, 2, 3, NULL, NULL),
(1968, 0, 'January', 29, 3, 3, NULL, NULL),
(1969, 0, 'January', 29, 4, 3, NULL, NULL),
(1970, 0, 'January', 29, 5, 3, NULL, NULL),
(1971, 0, 'January', 30, 1, 3, NULL, NULL),
(1972, 0, 'January', 30, 2, 3, NULL, NULL),
(1973, 0, 'January', 30, 3, 3, NULL, NULL),
(1974, 0, 'January', 30, 4, 3, NULL, NULL),
(1975, 0, 'January', 30, 5, 3, NULL, NULL),
(1976, 0, 'January', 31, 1, 3, NULL, NULL),
(1977, 0, 'January', 31, 2, 3, NULL, NULL),
(1978, 0, 'January', 31, 3, 3, NULL, NULL),
(1979, 0, 'January', 31, 4, 3, NULL, NULL),
(1980, 0, 'January', 31, 5, 3, NULL, NULL),
(1981, 0, 'February', 1, 1, 3, NULL, NULL),
(1982, 0, 'February', 1, 2, 3, NULL, NULL),
(1983, 0, 'February', 1, 3, 3, NULL, NULL),
(1984, 0, 'February', 1, 4, 3, NULL, NULL),
(1985, 0, 'February', 1, 5, 3, NULL, NULL),
(1986, 0, 'February', 2, 1, 3, NULL, NULL),
(1987, 0, 'February', 2, 2, 3, NULL, NULL),
(1988, 0, 'February', 2, 3, 3, NULL, NULL),
(1989, 0, 'February', 2, 4, 3, NULL, NULL),
(1990, 0, 'February', 2, 5, 3, NULL, NULL),
(1991, 0, 'February', 3, 1, 3, NULL, NULL),
(1992, 0, 'February', 3, 2, 3, NULL, NULL),
(1993, 0, 'February', 3, 3, 3, NULL, NULL),
(1994, 0, 'February', 3, 4, 3, NULL, NULL),
(1995, 0, 'February', 3, 5, 3, NULL, NULL),
(1996, 0, 'February', 4, 1, 3, NULL, NULL),
(1997, 0, 'February', 4, 2, 3, NULL, NULL),
(1998, 0, 'February', 4, 3, 3, NULL, NULL),
(1999, 0, 'February', 4, 4, 3, NULL, NULL),
(2000, 0, 'February', 4, 5, 3, NULL, NULL),
(2001, 0, 'February', 5, 1, 3, NULL, NULL),
(2002, 0, 'February', 5, 2, 3, NULL, NULL),
(2003, 0, 'February', 5, 3, 3, NULL, NULL),
(2004, 0, 'February', 5, 4, 3, NULL, NULL),
(2005, 0, 'February', 5, 5, 3, NULL, NULL),
(2006, 0, 'February', 6, 1, 3, NULL, NULL),
(2007, 0, 'February', 6, 2, 3, NULL, NULL),
(2008, 0, 'February', 6, 3, 3, NULL, NULL),
(2009, 0, 'February', 6, 4, 3, NULL, NULL),
(2010, 0, 'February', 6, 5, 3, NULL, NULL),
(2011, 0, 'February', 7, 1, 3, NULL, NULL),
(2012, 0, 'February', 7, 2, 3, NULL, NULL),
(2013, 0, 'February', 7, 3, 3, NULL, NULL),
(2014, 0, 'February', 7, 4, 3, NULL, NULL),
(2015, 0, 'February', 7, 5, 3, NULL, NULL),
(2016, 0, 'February', 8, 1, 3, NULL, NULL),
(2017, 0, 'February', 8, 2, 3, NULL, NULL),
(2018, 0, 'February', 8, 3, 3, NULL, NULL),
(2019, 0, 'February', 8, 4, 3, NULL, NULL),
(2020, 0, 'February', 8, 5, 3, NULL, NULL),
(2021, 0, 'February', 9, 1, 3, NULL, NULL),
(2022, 0, 'February', 9, 2, 3, NULL, NULL),
(2023, 0, 'February', 9, 3, 3, NULL, NULL),
(2024, 0, 'February', 9, 4, 3, NULL, NULL),
(2025, 0, 'February', 9, 5, 3, NULL, NULL),
(2026, 0, 'February', 10, 1, 3, NULL, NULL),
(2027, 0, 'February', 10, 2, 3, NULL, NULL),
(2028, 0, 'February', 10, 3, 3, NULL, NULL),
(2029, 0, 'February', 10, 4, 3, NULL, NULL),
(2030, 0, 'February', 10, 5, 3, NULL, NULL),
(2031, 0, 'February', 11, 1, 3, NULL, NULL),
(2032, 0, 'February', 11, 2, 3, NULL, NULL),
(2033, 0, 'February', 11, 3, 3, NULL, NULL),
(2034, 0, 'February', 11, 4, 3, NULL, NULL),
(2035, 0, 'February', 11, 5, 3, NULL, NULL),
(2036, 0, 'February', 12, 1, 3, NULL, NULL),
(2037, 0, 'February', 12, 2, 3, NULL, NULL),
(2038, 0, 'February', 12, 3, 3, NULL, NULL),
(2039, 0, 'February', 12, 4, 3, NULL, NULL),
(2040, 0, 'February', 12, 5, 3, NULL, NULL),
(2041, 0, 'February', 13, 1, 3, NULL, NULL),
(2042, 0, 'February', 13, 2, 3, NULL, NULL),
(2043, 0, 'February', 13, 3, 3, NULL, NULL),
(2044, 0, 'February', 13, 4, 3, NULL, NULL),
(2045, 0, 'February', 13, 5, 3, NULL, NULL),
(2046, 0, 'February', 14, 1, 3, NULL, NULL),
(2047, 0, 'February', 14, 2, 3, NULL, NULL),
(2048, 0, 'February', 14, 3, 3, NULL, NULL),
(2049, 0, 'February', 14, 4, 3, NULL, NULL),
(2050, 0, 'February', 14, 5, 3, NULL, NULL),
(2051, 0, 'February', 15, 1, 3, NULL, NULL),
(2052, 0, 'February', 15, 2, 3, NULL, NULL),
(2053, 0, 'February', 15, 3, 3, NULL, NULL),
(2054, 0, 'February', 15, 4, 3, NULL, NULL),
(2055, 0, 'February', 15, 5, 3, NULL, NULL),
(2056, 0, 'February', 16, 1, 3, NULL, NULL),
(2057, 0, 'February', 16, 2, 3, NULL, NULL),
(2058, 0, 'February', 16, 3, 3, NULL, NULL),
(2059, 0, 'February', 16, 4, 3, NULL, NULL),
(2060, 0, 'February', 16, 5, 3, NULL, NULL),
(2061, 0, 'February', 17, 1, 3, NULL, NULL),
(2062, 0, 'February', 17, 2, 3, NULL, NULL),
(2063, 0, 'February', 17, 3, 3, NULL, NULL),
(2064, 0, 'February', 17, 4, 3, NULL, NULL),
(2065, 0, 'February', 17, 5, 3, NULL, NULL),
(2066, 0, 'February', 18, 1, 3, NULL, NULL),
(2067, 0, 'February', 18, 2, 3, NULL, NULL),
(2068, 0, 'February', 18, 3, 3, NULL, NULL),
(2069, 0, 'February', 18, 4, 3, NULL, NULL),
(2070, 0, 'February', 18, 5, 3, NULL, NULL),
(2071, 0, 'February', 19, 1, 3, NULL, NULL),
(2072, 0, 'February', 19, 2, 3, NULL, NULL),
(2073, 0, 'February', 19, 3, 3, NULL, NULL),
(2074, 0, 'February', 19, 4, 3, NULL, NULL),
(2075, 0, 'February', 19, 5, 3, NULL, NULL),
(2076, 0, 'February', 20, 1, 3, NULL, NULL),
(2077, 0, 'February', 20, 2, 3, NULL, NULL),
(2078, 0, 'February', 20, 3, 3, NULL, NULL),
(2079, 0, 'February', 20, 4, 3, NULL, NULL),
(2080, 0, 'February', 20, 5, 3, NULL, NULL),
(2081, 0, 'February', 21, 1, 3, NULL, NULL),
(2082, 0, 'February', 21, 2, 3, NULL, NULL),
(2083, 0, 'February', 21, 3, 3, NULL, NULL),
(2084, 0, 'February', 21, 4, 3, NULL, NULL),
(2085, 0, 'February', 21, 5, 3, NULL, NULL),
(2086, 0, 'February', 22, 1, 3, NULL, NULL),
(2087, 0, 'February', 22, 2, 3, NULL, NULL),
(2088, 0, 'February', 22, 3, 3, NULL, NULL),
(2089, 0, 'February', 22, 4, 3, NULL, NULL),
(2090, 0, 'February', 22, 5, 3, NULL, NULL),
(2091, 0, 'February', 23, 1, 3, NULL, NULL),
(2092, 0, 'February', 23, 2, 3, NULL, NULL),
(2093, 0, 'February', 23, 3, 3, NULL, NULL),
(2094, 0, 'February', 23, 4, 3, NULL, NULL),
(2095, 0, 'February', 23, 5, 3, NULL, NULL),
(2096, 0, 'February', 24, 1, 3, NULL, NULL),
(2097, 0, 'February', 24, 2, 3, NULL, NULL),
(2098, 0, 'February', 24, 3, 3, NULL, NULL),
(2099, 0, 'February', 24, 4, 3, NULL, NULL),
(2100, 0, 'February', 24, 5, 3, NULL, NULL),
(2101, 0, 'February', 25, 1, 3, NULL, NULL),
(2102, 0, 'February', 25, 2, 3, NULL, NULL),
(2103, 0, 'February', 25, 3, 3, NULL, NULL),
(2104, 0, 'February', 25, 4, 3, NULL, NULL),
(2105, 0, 'February', 25, 5, 3, NULL, NULL),
(2106, 0, 'February', 26, 1, 3, NULL, NULL),
(2107, 0, 'February', 26, 2, 3, NULL, NULL),
(2108, 0, 'February', 26, 3, 3, NULL, NULL),
(2109, 0, 'February', 26, 4, 3, NULL, NULL),
(2110, 0, 'February', 26, 5, 3, NULL, NULL),
(2111, 0, 'February', 27, 1, 3, NULL, NULL),
(2112, 0, 'February', 27, 2, 3, NULL, NULL),
(2113, 0, 'February', 27, 3, 3, NULL, NULL),
(2114, 0, 'February', 27, 4, 3, NULL, NULL),
(2115, 0, 'February', 27, 5, 3, NULL, NULL),
(2116, 0, 'February', 28, 1, 3, NULL, NULL),
(2117, 0, 'February', 28, 2, 3, NULL, NULL),
(2118, 0, 'February', 28, 3, 3, NULL, NULL),
(2119, 0, 'February', 28, 4, 3, NULL, NULL),
(2120, 0, 'February', 28, 5, 3, NULL, NULL),
(2121, 0, 'March', 1, 1, 3, NULL, NULL),
(2122, 0, 'March', 1, 2, 3, NULL, NULL),
(2123, 0, 'March', 1, 3, 3, NULL, NULL),
(2124, 0, 'March', 1, 4, 3, NULL, NULL),
(2125, 0, 'March', 1, 5, 3, NULL, NULL),
(2126, 0, 'March', 2, 1, 3, NULL, NULL),
(2127, 0, 'March', 2, 2, 3, NULL, NULL),
(2128, 0, 'March', 2, 3, 3, NULL, NULL),
(2129, 0, 'March', 2, 4, 3, NULL, NULL),
(2130, 0, 'March', 2, 5, 3, NULL, NULL),
(2131, 0, 'March', 3, 1, 3, NULL, NULL),
(2132, 0, 'March', 3, 2, 3, NULL, NULL),
(2133, 0, 'March', 3, 3, 3, NULL, NULL),
(2134, 0, 'March', 3, 4, 3, NULL, NULL),
(2135, 0, 'March', 3, 5, 3, NULL, NULL),
(2136, 0, 'March', 4, 1, 3, NULL, NULL),
(2137, 0, 'March', 4, 2, 3, NULL, NULL),
(2138, 0, 'March', 4, 3, 3, NULL, NULL),
(2139, 0, 'March', 4, 4, 3, NULL, NULL),
(2140, 0, 'March', 4, 5, 3, NULL, NULL),
(2141, 0, 'March', 5, 1, 3, NULL, NULL),
(2142, 0, 'March', 5, 2, 3, NULL, NULL),
(2143, 0, 'March', 5, 3, 3, NULL, NULL),
(2144, 0, 'March', 5, 4, 3, NULL, NULL),
(2145, 0, 'March', 5, 5, 3, NULL, NULL),
(2146, 0, 'March', 6, 1, 3, NULL, NULL),
(2147, 0, 'March', 6, 2, 3, NULL, NULL),
(2148, 0, 'March', 6, 3, 3, NULL, NULL),
(2149, 0, 'March', 6, 4, 3, NULL, NULL),
(2150, 0, 'March', 6, 5, 3, NULL, NULL),
(2151, 0, 'March', 7, 1, 3, NULL, NULL),
(2152, 0, 'March', 7, 2, 3, NULL, NULL),
(2153, 0, 'March', 7, 3, 3, NULL, NULL),
(2154, 0, 'March', 7, 4, 3, NULL, NULL),
(2155, 0, 'March', 7, 5, 3, NULL, NULL),
(2156, 0, 'March', 8, 1, 3, NULL, NULL),
(2157, 0, 'March', 8, 2, 3, NULL, NULL),
(2158, 0, 'March', 8, 3, 3, NULL, NULL),
(2159, 0, 'March', 8, 4, 3, NULL, NULL),
(2160, 0, 'March', 8, 5, 3, NULL, NULL),
(2161, 0, 'March', 9, 1, 3, NULL, NULL),
(2162, 0, 'March', 9, 2, 3, NULL, NULL),
(2163, 0, 'March', 9, 3, 3, NULL, NULL),
(2164, 0, 'March', 9, 4, 3, NULL, NULL),
(2165, 0, 'March', 9, 5, 3, NULL, NULL),
(2166, 0, 'March', 10, 1, 3, NULL, NULL),
(2167, 0, 'March', 10, 2, 3, NULL, NULL),
(2168, 0, 'March', 10, 3, 3, NULL, NULL),
(2169, 0, 'March', 10, 4, 3, NULL, NULL),
(2170, 0, 'March', 10, 5, 3, NULL, NULL),
(2171, 0, 'March', 11, 1, 3, NULL, NULL),
(2172, 0, 'March', 11, 2, 3, NULL, NULL),
(2173, 0, 'March', 11, 3, 3, NULL, NULL),
(2174, 0, 'March', 11, 4, 3, NULL, NULL),
(2175, 0, 'March', 11, 5, 3, NULL, NULL),
(2176, 0, 'March', 12, 1, 3, NULL, NULL),
(2177, 0, 'March', 12, 2, 3, NULL, NULL),
(2178, 0, 'March', 12, 3, 3, NULL, NULL),
(2179, 0, 'March', 12, 4, 3, NULL, NULL),
(2180, 0, 'March', 12, 5, 3, NULL, NULL),
(2181, 0, 'March', 13, 1, 3, NULL, NULL),
(2182, 0, 'March', 13, 2, 3, NULL, NULL),
(2183, 0, 'March', 13, 3, 3, NULL, NULL),
(2184, 0, 'March', 13, 4, 3, NULL, NULL),
(2185, 0, 'March', 13, 5, 3, NULL, NULL),
(2186, 0, 'March', 14, 1, 3, NULL, NULL),
(2187, 0, 'March', 14, 2, 3, NULL, NULL),
(2188, 0, 'March', 14, 3, 3, NULL, NULL),
(2189, 0, 'March', 14, 4, 3, NULL, NULL),
(2190, 0, 'March', 14, 5, 3, NULL, NULL),
(2191, 0, 'March', 15, 1, 3, NULL, NULL),
(2192, 0, 'March', 15, 2, 3, NULL, NULL),
(2193, 0, 'March', 15, 3, 3, NULL, NULL),
(2194, 0, 'March', 15, 4, 3, NULL, NULL),
(2195, 0, 'March', 15, 5, 3, NULL, NULL),
(2196, 0, 'March', 16, 1, 3, NULL, NULL),
(2197, 0, 'March', 16, 2, 3, NULL, NULL),
(2198, 0, 'March', 16, 3, 3, NULL, NULL),
(2199, 0, 'March', 16, 4, 3, NULL, NULL),
(2200, 0, 'March', 16, 5, 3, NULL, NULL),
(2201, 0, 'March', 17, 1, 3, NULL, NULL),
(2202, 0, 'March', 17, 2, 3, NULL, NULL),
(2203, 0, 'March', 17, 3, 3, NULL, NULL),
(2204, 0, 'March', 17, 4, 3, NULL, NULL),
(2205, 0, 'March', 17, 5, 3, NULL, NULL),
(2206, 0, 'March', 18, 1, 3, NULL, NULL),
(2207, 0, 'March', 18, 2, 3, NULL, NULL),
(2208, 0, 'March', 18, 3, 3, NULL, NULL),
(2209, 0, 'March', 18, 4, 3, NULL, NULL),
(2210, 0, 'March', 18, 5, 3, NULL, NULL),
(2211, 0, 'March', 19, 1, 3, NULL, NULL),
(2212, 0, 'March', 19, 2, 3, NULL, NULL),
(2213, 0, 'March', 19, 3, 3, NULL, NULL),
(2214, 0, 'March', 19, 4, 3, NULL, NULL),
(2215, 0, 'March', 19, 5, 3, NULL, NULL),
(2216, 0, 'March', 20, 1, 3, NULL, NULL),
(2217, 0, 'March', 20, 2, 3, NULL, NULL),
(2218, 0, 'March', 20, 3, 3, NULL, NULL),
(2219, 0, 'March', 20, 4, 3, NULL, NULL),
(2220, 0, 'March', 20, 5, 3, NULL, NULL),
(2221, 0, 'March', 21, 1, 3, NULL, NULL),
(2222, 0, 'March', 21, 2, 3, NULL, NULL),
(2223, 0, 'March', 21, 3, 3, NULL, NULL),
(2224, 0, 'March', 21, 4, 3, NULL, NULL),
(2225, 0, 'March', 21, 5, 3, NULL, NULL),
(2226, 0, 'March', 22, 1, 3, NULL, NULL),
(2227, 0, 'March', 22, 2, 3, NULL, NULL),
(2228, 0, 'March', 22, 3, 3, NULL, NULL),
(2229, 0, 'March', 22, 4, 3, NULL, NULL),
(2230, 0, 'March', 22, 5, 3, NULL, NULL),
(2231, 0, 'March', 23, 1, 3, NULL, NULL),
(2232, 0, 'March', 23, 2, 3, NULL, NULL),
(2233, 0, 'March', 23, 3, 3, NULL, NULL),
(2234, 0, 'March', 23, 4, 3, NULL, NULL),
(2235, 0, 'March', 23, 5, 3, NULL, NULL),
(2236, 0, 'March', 24, 1, 3, NULL, NULL),
(2237, 0, 'March', 24, 2, 3, NULL, NULL),
(2238, 0, 'March', 24, 3, 3, NULL, NULL),
(2239, 0, 'March', 24, 4, 3, NULL, NULL),
(2240, 0, 'March', 24, 5, 3, NULL, NULL),
(2241, 0, 'March', 25, 1, 3, NULL, NULL),
(2242, 0, 'March', 25, 2, 3, NULL, NULL),
(2243, 0, 'March', 25, 3, 3, NULL, NULL),
(2244, 0, 'March', 25, 4, 3, NULL, NULL),
(2245, 0, 'March', 25, 5, 3, NULL, NULL),
(2246, 0, 'March', 26, 1, 3, NULL, NULL),
(2247, 0, 'March', 26, 2, 3, NULL, NULL),
(2248, 0, 'March', 26, 3, 3, NULL, NULL),
(2249, 0, 'March', 26, 4, 3, NULL, NULL),
(2250, 0, 'March', 26, 5, 3, NULL, NULL),
(2251, 0, 'March', 27, 1, 3, NULL, NULL),
(2252, 0, 'March', 27, 2, 3, NULL, NULL),
(2253, 0, 'March', 27, 3, 3, NULL, NULL),
(2254, 0, 'March', 27, 4, 3, NULL, NULL),
(2255, 0, 'March', 27, 5, 3, NULL, NULL),
(2256, 0, 'March', 28, 1, 3, NULL, NULL),
(2257, 0, 'March', 28, 2, 3, NULL, NULL),
(2258, 0, 'March', 28, 3, 3, NULL, NULL),
(2259, 0, 'March', 28, 4, 3, NULL, NULL),
(2260, 0, 'March', 28, 5, 3, NULL, NULL),
(2261, 0, 'March', 29, 1, 3, NULL, NULL),
(2262, 0, 'March', 29, 2, 3, NULL, NULL),
(2263, 0, 'March', 29, 3, 3, NULL, NULL),
(2264, 0, 'March', 29, 4, 3, NULL, NULL),
(2265, 0, 'March', 29, 5, 3, NULL, NULL),
(2266, 0, 'March', 30, 1, 3, NULL, NULL),
(2267, 0, 'March', 30, 2, 3, NULL, NULL),
(2268, 0, 'March', 30, 3, 3, NULL, NULL),
(2269, 0, 'March', 30, 4, 3, NULL, NULL),
(2270, 0, 'March', 30, 5, 3, NULL, NULL),
(2271, 0, 'March', 31, 1, 3, NULL, NULL),
(2272, 0, 'March', 31, 2, 3, NULL, NULL),
(2273, 0, 'March', 31, 3, 3, NULL, NULL),
(2274, 0, 'March', 31, 4, 3, NULL, NULL),
(2275, 0, 'March', 31, 5, 3, NULL, NULL),
(2276, 0, 'April', 1, 1, 3, NULL, NULL),
(2277, 0, 'April', 1, 2, 3, NULL, NULL),
(2278, 0, 'April', 1, 3, 3, NULL, NULL),
(2279, 0, 'April', 1, 4, 3, NULL, NULL),
(2280, 0, 'April', 1, 5, 3, NULL, NULL),
(2281, 0, 'April', 2, 1, 3, NULL, NULL),
(2282, 0, 'April', 2, 2, 3, NULL, NULL),
(2283, 0, 'April', 2, 3, 3, NULL, NULL),
(2284, 0, 'April', 2, 4, 3, NULL, NULL),
(2285, 0, 'April', 2, 5, 3, NULL, NULL),
(2286, 0, 'April', 3, 1, 3, NULL, NULL),
(2287, 0, 'April', 3, 2, 3, NULL, NULL),
(2288, 0, 'April', 3, 3, 3, NULL, NULL),
(2289, 0, 'April', 3, 4, 3, NULL, NULL),
(2290, 0, 'April', 3, 5, 3, NULL, NULL),
(2291, 0, 'April', 4, 1, 3, NULL, NULL),
(2292, 0, 'April', 4, 2, 3, NULL, NULL),
(2293, 0, 'April', 4, 3, 3, NULL, NULL),
(2294, 0, 'April', 4, 4, 3, NULL, NULL),
(2295, 0, 'April', 4, 5, 3, NULL, NULL),
(2296, 0, 'April', 5, 1, 3, NULL, NULL),
(2297, 0, 'April', 5, 2, 3, NULL, NULL),
(2298, 0, 'April', 5, 3, 3, NULL, NULL),
(2299, 0, 'April', 5, 4, 3, NULL, NULL),
(2300, 0, 'April', 5, 5, 3, NULL, NULL),
(2301, 0, 'April', 6, 1, 3, NULL, NULL),
(2302, 0, 'April', 6, 2, 3, NULL, NULL),
(2303, 0, 'April', 6, 3, 3, NULL, NULL),
(2304, 0, 'April', 6, 4, 3, NULL, NULL),
(2305, 0, 'April', 6, 5, 3, NULL, NULL),
(2306, 0, 'April', 7, 1, 3, NULL, NULL),
(2307, 0, 'April', 7, 2, 3, NULL, NULL),
(2308, 0, 'April', 7, 3, 3, NULL, NULL),
(2309, 0, 'April', 7, 4, 3, NULL, NULL),
(2310, 0, 'April', 7, 5, 3, NULL, NULL),
(2311, 0, 'April', 8, 1, 3, NULL, NULL),
(2312, 0, 'April', 8, 2, 3, NULL, NULL),
(2313, 0, 'April', 8, 3, 3, NULL, NULL),
(2314, 0, 'April', 8, 4, 3, NULL, NULL),
(2315, 0, 'April', 8, 5, 3, NULL, NULL),
(2316, 0, 'April', 9, 1, 3, NULL, NULL),
(2317, 0, 'April', 9, 2, 3, NULL, NULL),
(2318, 0, 'April', 9, 3, 3, NULL, NULL),
(2319, 0, 'April', 9, 4, 3, NULL, NULL),
(2320, 0, 'April', 9, 5, 3, NULL, NULL),
(2321, 0, 'April', 10, 1, 3, NULL, NULL),
(2322, 0, 'April', 10, 2, 3, NULL, NULL),
(2323, 0, 'April', 10, 3, 3, NULL, NULL),
(2324, 0, 'April', 10, 4, 3, NULL, NULL),
(2325, 0, 'April', 10, 5, 3, NULL, NULL),
(2326, 0, 'April', 11, 1, 3, NULL, NULL),
(2327, 0, 'April', 11, 2, 3, NULL, NULL),
(2328, 0, 'April', 11, 3, 3, NULL, NULL),
(2329, 0, 'April', 11, 4, 3, NULL, NULL),
(2330, 0, 'April', 11, 5, 3, NULL, NULL),
(2331, 0, 'April', 12, 1, 3, NULL, NULL),
(2332, 0, 'April', 12, 2, 3, NULL, NULL),
(2333, 0, 'April', 12, 3, 3, NULL, NULL),
(2334, 0, 'April', 12, 4, 3, NULL, NULL),
(2335, 0, 'April', 12, 5, 3, NULL, NULL),
(2336, 0, 'April', 13, 1, 3, NULL, NULL),
(2337, 0, 'April', 13, 2, 3, NULL, NULL),
(2338, 0, 'April', 13, 3, 3, NULL, NULL),
(2339, 0, 'April', 13, 4, 3, NULL, NULL),
(2340, 0, 'April', 13, 5, 3, NULL, NULL),
(2341, 0, 'April', 14, 1, 3, NULL, NULL),
(2342, 0, 'April', 14, 2, 3, NULL, NULL),
(2343, 0, 'April', 14, 3, 3, NULL, NULL),
(2344, 0, 'April', 14, 4, 3, NULL, NULL),
(2345, 0, 'April', 14, 5, 3, NULL, NULL),
(2346, 0, 'April', 15, 1, 3, NULL, NULL),
(2347, 0, 'April', 15, 2, 3, NULL, NULL),
(2348, 0, 'April', 15, 3, 3, NULL, NULL),
(2349, 0, 'April', 15, 4, 3, NULL, NULL),
(2350, 0, 'April', 15, 5, 3, NULL, NULL),
(2351, 0, 'April', 16, 1, 3, NULL, NULL),
(2352, 0, 'April', 16, 2, 3, NULL, NULL),
(2353, 0, 'April', 16, 3, 3, NULL, NULL),
(2354, 0, 'April', 16, 4, 3, NULL, NULL),
(2355, 0, 'April', 16, 5, 3, NULL, NULL),
(2356, 0, 'April', 17, 1, 3, NULL, NULL),
(2357, 0, 'April', 17, 2, 3, NULL, NULL),
(2358, 0, 'April', 17, 3, 3, NULL, NULL),
(2359, 0, 'April', 17, 4, 3, NULL, NULL),
(2360, 0, 'April', 17, 5, 3, NULL, NULL),
(2361, 0, 'April', 18, 1, 3, NULL, NULL),
(2362, 0, 'April', 18, 2, 3, NULL, NULL),
(2363, 0, 'April', 18, 3, 3, NULL, NULL),
(2364, 0, 'April', 18, 4, 3, NULL, NULL),
(2365, 0, 'April', 18, 5, 3, NULL, NULL),
(2366, 0, 'April', 19, 1, 3, NULL, NULL),
(2367, 0, 'April', 19, 2, 3, NULL, NULL),
(2368, 0, 'April', 19, 3, 3, NULL, NULL),
(2369, 0, 'April', 19, 4, 3, NULL, NULL),
(2370, 0, 'April', 19, 5, 3, NULL, NULL),
(2371, 0, 'April', 20, 1, 3, NULL, NULL),
(2372, 0, 'April', 20, 2, 3, NULL, NULL),
(2373, 0, 'April', 20, 3, 3, NULL, NULL),
(2374, 0, 'April', 20, 4, 3, NULL, NULL),
(2375, 0, 'April', 20, 5, 3, NULL, NULL),
(2376, 0, 'April', 21, 1, 3, NULL, NULL),
(2377, 0, 'April', 21, 2, 3, NULL, NULL),
(2378, 0, 'April', 21, 3, 3, NULL, NULL),
(2379, 0, 'April', 21, 4, 3, NULL, NULL),
(2380, 0, 'April', 21, 5, 3, NULL, NULL),
(2381, 0, 'April', 22, 1, 3, NULL, NULL),
(2382, 0, 'April', 22, 2, 3, NULL, NULL),
(2383, 0, 'April', 22, 3, 3, NULL, NULL),
(2384, 0, 'April', 22, 4, 3, NULL, NULL),
(2385, 0, 'April', 22, 5, 3, NULL, NULL),
(2386, 0, 'April', 23, 1, 3, NULL, NULL),
(2387, 0, 'April', 23, 2, 3, NULL, NULL),
(2388, 0, 'April', 23, 3, 3, NULL, NULL),
(2389, 0, 'April', 23, 4, 3, NULL, NULL),
(2390, 0, 'April', 23, 5, 3, NULL, NULL),
(2391, 0, 'April', 24, 1, 3, NULL, NULL),
(2392, 0, 'April', 24, 2, 3, NULL, NULL),
(2393, 0, 'April', 24, 3, 3, NULL, NULL),
(2394, 0, 'April', 24, 4, 3, NULL, NULL),
(2395, 0, 'April', 24, 5, 3, NULL, NULL),
(2396, 0, 'April', 25, 1, 3, NULL, NULL),
(2397, 0, 'April', 25, 2, 3, NULL, NULL),
(2398, 0, 'April', 25, 3, 3, NULL, NULL),
(2399, 0, 'April', 25, 4, 3, NULL, NULL),
(2400, 0, 'April', 25, 5, 3, NULL, NULL),
(2401, 0, 'April', 26, 1, 3, NULL, NULL),
(2402, 0, 'April', 26, 2, 3, NULL, NULL),
(2403, 0, 'April', 26, 3, 3, NULL, NULL),
(2404, 0, 'April', 26, 4, 3, NULL, NULL),
(2405, 0, 'April', 26, 5, 3, NULL, NULL),
(2406, 0, 'April', 27, 1, 3, NULL, NULL),
(2407, 0, 'April', 27, 2, 3, NULL, NULL),
(2408, 0, 'April', 27, 3, 3, NULL, NULL),
(2409, 0, 'April', 27, 4, 3, NULL, NULL),
(2410, 0, 'April', 27, 5, 3, NULL, NULL),
(2411, 0, 'April', 28, 1, 3, NULL, NULL),
(2412, 0, 'April', 28, 2, 3, NULL, NULL),
(2413, 0, 'April', 28, 3, 3, NULL, NULL),
(2414, 0, 'April', 28, 4, 3, NULL, NULL),
(2415, 0, 'April', 28, 5, 3, NULL, NULL),
(2416, 0, 'April', 29, 1, 3, NULL, NULL),
(2417, 0, 'April', 29, 2, 3, NULL, NULL),
(2418, 0, 'April', 29, 3, 3, NULL, NULL),
(2419, 0, 'April', 29, 4, 3, NULL, NULL),
(2420, 0, 'April', 29, 5, 3, NULL, NULL),
(2421, 0, 'April', 30, 1, 3, NULL, NULL),
(2422, 0, 'April', 30, 2, 3, NULL, NULL),
(2423, 0, 'April', 30, 3, 3, NULL, NULL),
(2424, 0, 'April', 30, 4, 3, NULL, NULL),
(2425, 0, 'April', 30, 5, 3, NULL, NULL),
(2426, 0, 'May', 1, 1, 3, NULL, NULL),
(2427, 0, 'May', 1, 2, 3, NULL, NULL),
(2428, 0, 'May', 1, 3, 3, NULL, NULL),
(2429, 0, 'May', 1, 4, 3, NULL, NULL),
(2430, 0, 'May', 1, 5, 3, NULL, NULL),
(2431, 0, 'May', 2, 1, 3, NULL, NULL),
(2432, 0, 'May', 2, 2, 3, NULL, NULL),
(2433, 0, 'May', 2, 3, 3, NULL, NULL),
(2434, 0, 'May', 2, 4, 3, NULL, NULL),
(2435, 0, 'May', 2, 5, 3, NULL, NULL),
(2436, 0, 'May', 3, 1, 3, NULL, NULL),
(2437, 0, 'May', 3, 2, 3, NULL, NULL),
(2438, 0, 'May', 3, 3, 3, NULL, NULL),
(2439, 0, 'May', 3, 4, 3, NULL, NULL),
(2440, 0, 'May', 3, 5, 3, NULL, NULL),
(2441, 0, 'May', 4, 1, 3, NULL, NULL),
(2442, 0, 'May', 4, 2, 3, NULL, NULL),
(2443, 0, 'May', 4, 3, 3, NULL, NULL),
(2444, 0, 'May', 4, 4, 3, NULL, NULL),
(2445, 0, 'May', 4, 5, 3, NULL, NULL),
(2446, 0, 'May', 5, 1, 3, NULL, NULL),
(2447, 0, 'May', 5, 2, 3, NULL, NULL),
(2448, 0, 'May', 5, 3, 3, NULL, NULL),
(2449, 0, 'May', 5, 4, 3, NULL, NULL),
(2450, 0, 'May', 5, 5, 3, NULL, NULL),
(2451, 0, 'May', 6, 1, 3, NULL, NULL),
(2452, 0, 'May', 6, 2, 3, NULL, NULL),
(2453, 0, 'May', 6, 3, 3, NULL, NULL),
(2454, 0, 'May', 6, 4, 3, NULL, NULL),
(2455, 0, 'May', 6, 5, 3, NULL, NULL),
(2456, 0, 'May', 7, 1, 3, NULL, NULL),
(2457, 0, 'May', 7, 2, 3, NULL, NULL),
(2458, 0, 'May', 7, 3, 3, NULL, NULL),
(2459, 0, 'May', 7, 4, 3, NULL, NULL),
(2460, 0, 'May', 7, 5, 3, NULL, NULL),
(2461, 0, 'May', 8, 1, 3, NULL, NULL),
(2462, 0, 'May', 8, 2, 3, NULL, NULL),
(2463, 0, 'May', 8, 3, 3, NULL, NULL),
(2464, 0, 'May', 8, 4, 3, NULL, NULL),
(2465, 0, 'May', 8, 5, 3, NULL, NULL),
(2466, 0, 'May', 9, 1, 3, NULL, NULL),
(2467, 0, 'May', 9, 2, 3, NULL, NULL),
(2468, 0, 'May', 9, 3, 3, NULL, NULL),
(2469, 0, 'May', 9, 4, 3, NULL, NULL),
(2470, 0, 'May', 9, 5, 3, NULL, NULL),
(2471, 0, 'May', 10, 1, 3, NULL, NULL);
INSERT INTO `prayer_user` (`id`, `status`, `month`, `day_arrangement`, `prayer_id`, `user_id`, `created_at`, `updated_at`) VALUES
(2472, 0, 'May', 10, 2, 3, NULL, NULL),
(2473, 0, 'May', 10, 3, 3, NULL, NULL),
(2474, 0, 'May', 10, 4, 3, NULL, NULL),
(2475, 0, 'May', 10, 5, 3, NULL, NULL),
(2476, 0, 'May', 11, 1, 3, NULL, NULL),
(2477, 0, 'May', 11, 2, 3, NULL, NULL),
(2478, 0, 'May', 11, 3, 3, NULL, NULL),
(2479, 0, 'May', 11, 4, 3, NULL, NULL),
(2480, 0, 'May', 11, 5, 3, NULL, NULL),
(2481, 0, 'May', 12, 1, 3, NULL, NULL),
(2482, 0, 'May', 12, 2, 3, NULL, NULL),
(2483, 0, 'May', 12, 3, 3, NULL, NULL),
(2484, 0, 'May', 12, 4, 3, NULL, NULL),
(2485, 0, 'May', 12, 5, 3, NULL, NULL),
(2486, 0, 'May', 13, 1, 3, NULL, NULL),
(2487, 0, 'May', 13, 2, 3, NULL, NULL),
(2488, 0, 'May', 13, 3, 3, NULL, NULL),
(2489, 0, 'May', 13, 4, 3, NULL, NULL),
(2490, 0, 'May', 13, 5, 3, NULL, NULL),
(2491, 0, 'May', 14, 1, 3, NULL, NULL),
(2492, 0, 'May', 14, 2, 3, NULL, NULL),
(2493, 0, 'May', 14, 3, 3, NULL, NULL),
(2494, 0, 'May', 14, 4, 3, NULL, NULL),
(2495, 0, 'May', 14, 5, 3, NULL, NULL),
(2496, 0, 'May', 15, 1, 3, NULL, NULL),
(2497, 0, 'May', 15, 2, 3, NULL, NULL),
(2498, 0, 'May', 15, 3, 3, NULL, NULL),
(2499, 0, 'May', 15, 4, 3, NULL, NULL),
(2500, 0, 'May', 15, 5, 3, NULL, NULL),
(2501, 0, 'May', 16, 1, 3, NULL, NULL),
(2502, 0, 'May', 16, 2, 3, NULL, NULL),
(2503, 0, 'May', 16, 3, 3, NULL, NULL),
(2504, 0, 'May', 16, 4, 3, NULL, NULL),
(2505, 0, 'May', 16, 5, 3, NULL, NULL),
(2506, 0, 'May', 17, 1, 3, NULL, NULL),
(2507, 0, 'May', 17, 2, 3, NULL, NULL),
(2508, 0, 'May', 17, 3, 3, NULL, NULL),
(2509, 0, 'May', 17, 4, 3, NULL, NULL),
(2510, 0, 'May', 17, 5, 3, NULL, NULL),
(2511, 0, 'May', 18, 1, 3, NULL, NULL),
(2512, 0, 'May', 18, 2, 3, NULL, NULL),
(2513, 0, 'May', 18, 3, 3, NULL, NULL),
(2514, 0, 'May', 18, 4, 3, NULL, NULL),
(2515, 0, 'May', 18, 5, 3, NULL, NULL),
(2516, 0, 'May', 19, 1, 3, NULL, NULL),
(2517, 0, 'May', 19, 2, 3, NULL, NULL),
(2518, 0, 'May', 19, 3, 3, NULL, NULL),
(2519, 0, 'May', 19, 4, 3, NULL, NULL),
(2520, 0, 'May', 19, 5, 3, NULL, NULL),
(2521, 0, 'May', 20, 1, 3, NULL, NULL),
(2522, 0, 'May', 20, 2, 3, NULL, NULL),
(2523, 0, 'May', 20, 3, 3, NULL, NULL),
(2524, 0, 'May', 20, 4, 3, NULL, NULL),
(2525, 0, 'May', 20, 5, 3, NULL, NULL),
(2526, 0, 'May', 21, 1, 3, NULL, NULL),
(2527, 0, 'May', 21, 2, 3, NULL, NULL),
(2528, 0, 'May', 21, 3, 3, NULL, NULL),
(2529, 0, 'May', 21, 4, 3, NULL, NULL),
(2530, 0, 'May', 21, 5, 3, NULL, NULL),
(2531, 0, 'May', 22, 1, 3, NULL, NULL),
(2532, 0, 'May', 22, 2, 3, NULL, NULL),
(2533, 0, 'May', 22, 3, 3, NULL, NULL),
(2534, 0, 'May', 22, 4, 3, NULL, NULL),
(2535, 0, 'May', 22, 5, 3, NULL, NULL),
(2536, 0, 'May', 23, 1, 3, NULL, NULL),
(2537, 0, 'May', 23, 2, 3, NULL, NULL),
(2538, 0, 'May', 23, 3, 3, NULL, NULL),
(2539, 0, 'May', 23, 4, 3, NULL, NULL),
(2540, 0, 'May', 23, 5, 3, NULL, NULL),
(2541, 0, 'May', 24, 1, 3, NULL, NULL),
(2542, 0, 'May', 24, 2, 3, NULL, NULL),
(2543, 0, 'May', 24, 3, 3, NULL, NULL),
(2544, 0, 'May', 24, 4, 3, NULL, NULL),
(2545, 0, 'May', 24, 5, 3, NULL, NULL),
(2546, 0, 'May', 25, 1, 3, NULL, NULL),
(2547, 0, 'May', 25, 2, 3, NULL, NULL),
(2548, 0, 'May', 25, 3, 3, NULL, NULL),
(2549, 0, 'May', 25, 4, 3, NULL, NULL),
(2550, 0, 'May', 25, 5, 3, NULL, NULL),
(2551, 0, 'May', 26, 1, 3, NULL, NULL),
(2552, 0, 'May', 26, 2, 3, NULL, NULL),
(2553, 0, 'May', 26, 3, 3, NULL, NULL),
(2554, 0, 'May', 26, 4, 3, NULL, NULL),
(2555, 0, 'May', 26, 5, 3, NULL, NULL),
(2556, 0, 'May', 27, 1, 3, NULL, NULL),
(2557, 0, 'May', 27, 2, 3, NULL, NULL),
(2558, 0, 'May', 27, 3, 3, NULL, NULL),
(2559, 0, 'May', 27, 4, 3, NULL, NULL),
(2560, 0, 'May', 27, 5, 3, NULL, NULL),
(2561, 0, 'May', 28, 1, 3, NULL, NULL),
(2562, 0, 'May', 28, 2, 3, NULL, NULL),
(2563, 0, 'May', 28, 3, 3, NULL, NULL),
(2564, 0, 'May', 28, 4, 3, NULL, NULL),
(2565, 0, 'May', 28, 5, 3, NULL, NULL),
(2566, 0, 'May', 29, 1, 3, NULL, NULL),
(2567, 0, 'May', 29, 2, 3, NULL, NULL),
(2568, 0, 'May', 29, 3, 3, NULL, NULL),
(2569, 0, 'May', 29, 4, 3, NULL, NULL),
(2570, 0, 'May', 29, 5, 3, NULL, NULL),
(2571, 0, 'May', 30, 1, 3, NULL, NULL),
(2572, 0, 'May', 30, 2, 3, NULL, NULL),
(2573, 0, 'May', 30, 3, 3, NULL, NULL),
(2574, 0, 'May', 30, 4, 3, NULL, NULL),
(2575, 0, 'May', 30, 5, 3, NULL, NULL),
(2576, 0, 'May', 31, 1, 3, NULL, NULL),
(2577, 0, 'May', 31, 2, 3, NULL, NULL),
(2578, 0, 'May', 31, 3, 3, NULL, NULL),
(2579, 0, 'May', 31, 4, 3, NULL, NULL),
(2580, 0, 'May', 31, 5, 3, NULL, NULL),
(2581, 0, 'June', 1, 1, 3, NULL, NULL),
(2582, 0, 'June', 1, 2, 3, NULL, NULL),
(2583, 0, 'June', 1, 3, 3, NULL, NULL),
(2584, 0, 'June', 1, 4, 3, NULL, NULL),
(2585, 0, 'June', 1, 5, 3, NULL, NULL),
(2586, 0, 'June', 2, 1, 3, NULL, NULL),
(2587, 0, 'June', 2, 2, 3, NULL, NULL),
(2588, 0, 'June', 2, 3, 3, NULL, NULL),
(2589, 0, 'June', 2, 4, 3, NULL, NULL),
(2590, 0, 'June', 2, 5, 3, NULL, NULL),
(2591, 0, 'June', 3, 1, 3, NULL, NULL),
(2592, 0, 'June', 3, 2, 3, NULL, NULL),
(2593, 0, 'June', 3, 3, 3, NULL, NULL),
(2594, 0, 'June', 3, 4, 3, NULL, NULL),
(2595, 0, 'June', 3, 5, 3, NULL, NULL),
(2596, 0, 'June', 4, 1, 3, NULL, NULL),
(2597, 0, 'June', 4, 2, 3, NULL, NULL),
(2598, 0, 'June', 4, 3, 3, NULL, NULL),
(2599, 0, 'June', 4, 4, 3, NULL, NULL),
(2600, 0, 'June', 4, 5, 3, NULL, NULL),
(2601, 0, 'June', 5, 1, 3, NULL, NULL),
(2602, 0, 'June', 5, 2, 3, NULL, NULL),
(2603, 0, 'June', 5, 3, 3, NULL, NULL),
(2604, 0, 'June', 5, 4, 3, NULL, NULL),
(2605, 0, 'June', 5, 5, 3, NULL, NULL),
(2606, 0, 'June', 6, 1, 3, NULL, NULL),
(2607, 0, 'June', 6, 2, 3, NULL, NULL),
(2608, 0, 'June', 6, 3, 3, NULL, NULL),
(2609, 0, 'June', 6, 4, 3, NULL, NULL),
(2610, 0, 'June', 6, 5, 3, NULL, NULL),
(2611, 0, 'June', 7, 1, 3, NULL, NULL),
(2612, 0, 'June', 7, 2, 3, NULL, NULL),
(2613, 0, 'June', 7, 3, 3, NULL, NULL),
(2614, 0, 'June', 7, 4, 3, NULL, NULL),
(2615, 0, 'June', 7, 5, 3, NULL, NULL),
(2616, 0, 'June', 8, 1, 3, NULL, NULL),
(2617, 0, 'June', 8, 2, 3, NULL, NULL),
(2618, 0, 'June', 8, 3, 3, NULL, NULL),
(2619, 0, 'June', 8, 4, 3, NULL, NULL),
(2620, 0, 'June', 8, 5, 3, NULL, NULL),
(2621, 0, 'June', 9, 1, 3, NULL, NULL),
(2622, 0, 'June', 9, 2, 3, NULL, NULL),
(2623, 0, 'June', 9, 3, 3, NULL, NULL),
(2624, 0, 'June', 9, 4, 3, NULL, NULL),
(2625, 0, 'June', 9, 5, 3, NULL, NULL),
(2626, 0, 'June', 10, 1, 3, NULL, NULL),
(2627, 0, 'June', 10, 2, 3, NULL, NULL),
(2628, 0, 'June', 10, 3, 3, NULL, NULL),
(2629, 0, 'June', 10, 4, 3, NULL, NULL),
(2630, 0, 'June', 10, 5, 3, NULL, NULL),
(2631, 0, 'June', 11, 1, 3, NULL, NULL),
(2632, 0, 'June', 11, 2, 3, NULL, NULL),
(2633, 0, 'June', 11, 3, 3, NULL, NULL),
(2634, 0, 'June', 11, 4, 3, NULL, NULL),
(2635, 0, 'June', 11, 5, 3, NULL, NULL),
(2636, 0, 'June', 12, 1, 3, NULL, NULL),
(2637, 0, 'June', 12, 2, 3, NULL, NULL),
(2638, 0, 'June', 12, 3, 3, NULL, NULL),
(2639, 0, 'June', 12, 4, 3, NULL, NULL),
(2640, 0, 'June', 12, 5, 3, NULL, NULL),
(2641, 0, 'June', 13, 1, 3, NULL, NULL),
(2642, 0, 'June', 13, 2, 3, NULL, NULL),
(2643, 0, 'June', 13, 3, 3, NULL, NULL),
(2644, 0, 'June', 13, 4, 3, NULL, NULL),
(2645, 0, 'June', 13, 5, 3, NULL, NULL),
(2646, 0, 'June', 14, 1, 3, NULL, NULL),
(2647, 0, 'June', 14, 2, 3, NULL, NULL),
(2648, 0, 'June', 14, 3, 3, NULL, NULL),
(2649, 0, 'June', 14, 4, 3, NULL, NULL),
(2650, 0, 'June', 14, 5, 3, NULL, NULL),
(2651, 0, 'June', 15, 1, 3, NULL, NULL),
(2652, 0, 'June', 15, 2, 3, NULL, NULL),
(2653, 0, 'June', 15, 3, 3, NULL, NULL),
(2654, 0, 'June', 15, 4, 3, NULL, NULL),
(2655, 0, 'June', 15, 5, 3, NULL, NULL),
(2656, 0, 'June', 16, 1, 3, NULL, NULL),
(2657, 0, 'June', 16, 2, 3, NULL, NULL),
(2658, 0, 'June', 16, 3, 3, NULL, NULL),
(2659, 0, 'June', 16, 4, 3, NULL, NULL),
(2660, 0, 'June', 16, 5, 3, NULL, NULL),
(2661, 0, 'June', 17, 1, 3, NULL, NULL),
(2662, 0, 'June', 17, 2, 3, NULL, NULL),
(2663, 0, 'June', 17, 3, 3, NULL, NULL),
(2664, 0, 'June', 17, 4, 3, NULL, NULL),
(2665, 0, 'June', 17, 5, 3, NULL, NULL),
(2666, 0, 'June', 18, 1, 3, NULL, NULL),
(2667, 0, 'June', 18, 2, 3, NULL, NULL),
(2668, 0, 'June', 18, 3, 3, NULL, NULL),
(2669, 0, 'June', 18, 4, 3, NULL, NULL),
(2670, 0, 'June', 18, 5, 3, NULL, NULL),
(2671, 0, 'June', 19, 1, 3, NULL, NULL),
(2672, 0, 'June', 19, 2, 3, NULL, NULL),
(2673, 0, 'June', 19, 3, 3, NULL, NULL),
(2674, 0, 'June', 19, 4, 3, NULL, NULL),
(2675, 0, 'June', 19, 5, 3, NULL, NULL),
(2676, 0, 'June', 20, 1, 3, NULL, NULL),
(2677, 0, 'June', 20, 2, 3, NULL, NULL),
(2678, 0, 'June', 20, 3, 3, NULL, NULL),
(2679, 0, 'June', 20, 4, 3, NULL, NULL),
(2680, 0, 'June', 20, 5, 3, NULL, NULL),
(2681, 0, 'June', 21, 1, 3, NULL, NULL),
(2682, 0, 'June', 21, 2, 3, NULL, NULL),
(2683, 0, 'June', 21, 3, 3, NULL, NULL),
(2684, 0, 'June', 21, 4, 3, NULL, NULL),
(2685, 0, 'June', 21, 5, 3, NULL, NULL),
(2686, 0, 'June', 22, 1, 3, NULL, NULL),
(2687, 0, 'June', 22, 2, 3, NULL, NULL),
(2688, 0, 'June', 22, 3, 3, NULL, NULL),
(2689, 0, 'June', 22, 4, 3, NULL, NULL),
(2690, 0, 'June', 22, 5, 3, NULL, NULL),
(2691, 0, 'June', 23, 1, 3, NULL, NULL),
(2692, 0, 'June', 23, 2, 3, NULL, NULL),
(2693, 0, 'June', 23, 3, 3, NULL, NULL),
(2694, 0, 'June', 23, 4, 3, NULL, NULL),
(2695, 0, 'June', 23, 5, 3, NULL, NULL),
(2696, 0, 'June', 24, 1, 3, NULL, NULL),
(2697, 0, 'June', 24, 2, 3, NULL, NULL),
(2698, 0, 'June', 24, 3, 3, NULL, NULL),
(2699, 0, 'June', 24, 4, 3, NULL, NULL),
(2700, 0, 'June', 24, 5, 3, NULL, NULL),
(2701, 0, 'June', 25, 1, 3, NULL, NULL),
(2702, 0, 'June', 25, 2, 3, NULL, NULL),
(2703, 0, 'June', 25, 3, 3, NULL, NULL),
(2704, 0, 'June', 25, 4, 3, NULL, NULL),
(2705, 0, 'June', 25, 5, 3, NULL, NULL),
(2706, 0, 'June', 26, 1, 3, NULL, NULL),
(2707, 0, 'June', 26, 2, 3, NULL, NULL),
(2708, 0, 'June', 26, 3, 3, NULL, NULL),
(2709, 0, 'June', 26, 4, 3, NULL, NULL),
(2710, 0, 'June', 26, 5, 3, NULL, NULL),
(2711, 0, 'June', 27, 1, 3, NULL, NULL),
(2712, 0, 'June', 27, 2, 3, NULL, NULL),
(2713, 0, 'June', 27, 3, 3, NULL, NULL),
(2714, 0, 'June', 27, 4, 3, NULL, NULL),
(2715, 0, 'June', 27, 5, 3, NULL, NULL),
(2716, 0, 'June', 28, 1, 3, NULL, NULL),
(2717, 0, 'June', 28, 2, 3, NULL, NULL),
(2718, 0, 'June', 28, 3, 3, NULL, NULL),
(2719, 0, 'June', 28, 4, 3, NULL, NULL),
(2720, 0, 'June', 28, 5, 3, NULL, NULL),
(2721, 0, 'June', 29, 1, 3, NULL, NULL),
(2722, 0, 'June', 29, 2, 3, NULL, NULL),
(2723, 0, 'June', 29, 3, 3, NULL, NULL),
(2724, 0, 'June', 29, 4, 3, NULL, NULL),
(2725, 0, 'June', 29, 5, 3, NULL, NULL),
(2726, 0, 'June', 30, 1, 3, NULL, NULL),
(2727, 0, 'June', 30, 2, 3, NULL, NULL),
(2728, 0, 'June', 30, 3, 3, NULL, NULL),
(2729, 0, 'June', 30, 4, 3, NULL, NULL),
(2730, 0, 'June', 30, 5, 3, NULL, NULL),
(2731, 0, 'July', 1, 1, 3, NULL, NULL),
(2732, 0, 'July', 1, 2, 3, NULL, NULL),
(2733, 0, 'July', 1, 3, 3, NULL, NULL),
(2734, 0, 'July', 1, 4, 3, NULL, NULL),
(2735, 0, 'July', 1, 5, 3, NULL, NULL),
(2736, 0, 'July', 2, 1, 3, NULL, NULL),
(2737, 0, 'July', 2, 2, 3, NULL, NULL),
(2738, 0, 'July', 2, 3, 3, NULL, NULL),
(2739, 0, 'July', 2, 4, 3, NULL, NULL),
(2740, 0, 'July', 2, 5, 3, NULL, NULL),
(2741, 0, 'July', 3, 1, 3, NULL, NULL),
(2742, 0, 'July', 3, 2, 3, NULL, NULL),
(2743, 0, 'July', 3, 3, 3, NULL, NULL),
(2744, 0, 'July', 3, 4, 3, NULL, NULL),
(2745, 0, 'July', 3, 5, 3, NULL, NULL),
(2746, 0, 'July', 4, 1, 3, NULL, NULL),
(2747, 0, 'July', 4, 2, 3, NULL, NULL),
(2748, 0, 'July', 4, 3, 3, NULL, NULL),
(2749, 0, 'July', 4, 4, 3, NULL, NULL),
(2750, 0, 'July', 4, 5, 3, NULL, NULL),
(2751, 0, 'July', 5, 1, 3, NULL, NULL),
(2752, 0, 'July', 5, 2, 3, NULL, NULL),
(2753, 0, 'July', 5, 3, 3, NULL, NULL),
(2754, 0, 'July', 5, 4, 3, NULL, NULL),
(2755, 0, 'July', 5, 5, 3, NULL, NULL),
(2756, 0, 'July', 6, 1, 3, NULL, NULL),
(2757, 0, 'July', 6, 2, 3, NULL, NULL),
(2758, 0, 'July', 6, 3, 3, NULL, NULL),
(2759, 0, 'July', 6, 4, 3, NULL, NULL),
(2760, 0, 'July', 6, 5, 3, NULL, NULL),
(2761, 0, 'July', 7, 1, 3, NULL, NULL),
(2762, 0, 'July', 7, 2, 3, NULL, NULL),
(2763, 0, 'July', 7, 3, 3, NULL, NULL),
(2764, 0, 'July', 7, 4, 3, NULL, NULL),
(2765, 0, 'July', 7, 5, 3, NULL, NULL),
(2766, 0, 'July', 8, 1, 3, NULL, NULL),
(2767, 0, 'July', 8, 2, 3, NULL, NULL),
(2768, 0, 'July', 8, 3, 3, NULL, NULL),
(2769, 0, 'July', 8, 4, 3, NULL, NULL),
(2770, 0, 'July', 8, 5, 3, NULL, NULL),
(2771, 0, 'July', 9, 1, 3, NULL, NULL),
(2772, 0, 'July', 9, 2, 3, NULL, NULL),
(2773, 0, 'July', 9, 3, 3, NULL, NULL),
(2774, 0, 'July', 9, 4, 3, NULL, NULL),
(2775, 0, 'July', 9, 5, 3, NULL, NULL),
(2776, 0, 'July', 10, 1, 3, NULL, NULL),
(2777, 0, 'July', 10, 2, 3, NULL, NULL),
(2778, 0, 'July', 10, 3, 3, NULL, NULL),
(2779, 0, 'July', 10, 4, 3, NULL, NULL),
(2780, 0, 'July', 10, 5, 3, NULL, NULL),
(2781, 0, 'July', 11, 1, 3, NULL, NULL),
(2782, 0, 'July', 11, 2, 3, NULL, NULL),
(2783, 0, 'July', 11, 3, 3, NULL, NULL),
(2784, 0, 'July', 11, 4, 3, NULL, NULL),
(2785, 0, 'July', 11, 5, 3, NULL, NULL),
(2786, 0, 'July', 12, 1, 3, NULL, NULL),
(2787, 0, 'July', 12, 2, 3, NULL, NULL),
(2788, 0, 'July', 12, 3, 3, NULL, NULL),
(2789, 0, 'July', 12, 4, 3, NULL, NULL),
(2790, 0, 'July', 12, 5, 3, NULL, NULL),
(2791, 0, 'July', 13, 1, 3, NULL, NULL),
(2792, 0, 'July', 13, 2, 3, NULL, NULL),
(2793, 0, 'July', 13, 3, 3, NULL, NULL),
(2794, 0, 'July', 13, 4, 3, NULL, NULL),
(2795, 0, 'July', 13, 5, 3, NULL, NULL),
(2796, 0, 'July', 14, 1, 3, NULL, NULL),
(2797, 0, 'July', 14, 2, 3, NULL, NULL),
(2798, 0, 'July', 14, 3, 3, NULL, NULL),
(2799, 0, 'July', 14, 4, 3, NULL, NULL),
(2800, 0, 'July', 14, 5, 3, NULL, NULL),
(2801, 0, 'July', 15, 1, 3, NULL, NULL),
(2802, 0, 'July', 15, 2, 3, NULL, NULL),
(2803, 0, 'July', 15, 3, 3, NULL, NULL),
(2804, 0, 'July', 15, 4, 3, NULL, NULL),
(2805, 0, 'July', 15, 5, 3, NULL, NULL),
(2806, 0, 'July', 16, 1, 3, NULL, NULL),
(2807, 0, 'July', 16, 2, 3, NULL, NULL),
(2808, 0, 'July', 16, 3, 3, NULL, NULL),
(2809, 0, 'July', 16, 4, 3, NULL, NULL),
(2810, 0, 'July', 16, 5, 3, NULL, NULL),
(2811, 0, 'July', 17, 1, 3, NULL, NULL),
(2812, 0, 'July', 17, 2, 3, NULL, NULL),
(2813, 0, 'July', 17, 3, 3, NULL, NULL),
(2814, 0, 'July', 17, 4, 3, NULL, NULL),
(2815, 0, 'July', 17, 5, 3, NULL, NULL),
(2816, 0, 'July', 18, 1, 3, NULL, NULL),
(2817, 0, 'July', 18, 2, 3, NULL, NULL),
(2818, 0, 'July', 18, 3, 3, NULL, NULL),
(2819, 0, 'July', 18, 4, 3, NULL, NULL),
(2820, 0, 'July', 18, 5, 3, NULL, NULL),
(2821, 0, 'July', 19, 1, 3, NULL, NULL),
(2822, 0, 'July', 19, 2, 3, NULL, NULL),
(2823, 0, 'July', 19, 3, 3, NULL, NULL),
(2824, 0, 'July', 19, 4, 3, NULL, NULL),
(2825, 0, 'July', 19, 5, 3, NULL, NULL),
(2826, 0, 'July', 20, 1, 3, NULL, NULL),
(2827, 0, 'July', 20, 2, 3, NULL, NULL),
(2828, 0, 'July', 20, 3, 3, NULL, NULL),
(2829, 0, 'July', 20, 4, 3, NULL, NULL),
(2830, 0, 'July', 20, 5, 3, NULL, NULL),
(2831, 0, 'July', 21, 1, 3, NULL, NULL),
(2832, 0, 'July', 21, 2, 3, NULL, NULL),
(2833, 0, 'July', 21, 3, 3, NULL, NULL),
(2834, 0, 'July', 21, 4, 3, NULL, NULL),
(2835, 0, 'July', 21, 5, 3, NULL, NULL),
(2836, 0, 'July', 22, 1, 3, NULL, NULL),
(2837, 0, 'July', 22, 2, 3, NULL, NULL),
(2838, 0, 'July', 22, 3, 3, NULL, NULL),
(2839, 0, 'July', 22, 4, 3, NULL, NULL),
(2840, 0, 'July', 22, 5, 3, NULL, NULL),
(2841, 0, 'July', 23, 1, 3, NULL, NULL),
(2842, 0, 'July', 23, 2, 3, NULL, NULL),
(2843, 0, 'July', 23, 3, 3, NULL, NULL),
(2844, 0, 'July', 23, 4, 3, NULL, NULL),
(2845, 0, 'July', 23, 5, 3, NULL, NULL),
(2846, 0, 'July', 24, 1, 3, NULL, NULL),
(2847, 0, 'July', 24, 2, 3, NULL, NULL),
(2848, 0, 'July', 24, 3, 3, NULL, NULL),
(2849, 0, 'July', 24, 4, 3, NULL, NULL),
(2850, 0, 'July', 24, 5, 3, NULL, NULL),
(2851, 0, 'July', 25, 1, 3, NULL, NULL),
(2852, 0, 'July', 25, 2, 3, NULL, NULL),
(2853, 0, 'July', 25, 3, 3, NULL, NULL),
(2854, 0, 'July', 25, 4, 3, NULL, NULL),
(2855, 0, 'July', 25, 5, 3, NULL, NULL),
(2856, 0, 'July', 26, 1, 3, NULL, NULL),
(2857, 0, 'July', 26, 2, 3, NULL, NULL),
(2858, 0, 'July', 26, 3, 3, NULL, NULL),
(2859, 0, 'July', 26, 4, 3, NULL, NULL),
(2860, 0, 'July', 26, 5, 3, NULL, NULL),
(2861, 0, 'July', 27, 1, 3, NULL, NULL),
(2862, 0, 'July', 27, 2, 3, NULL, NULL),
(2863, 0, 'July', 27, 3, 3, NULL, NULL),
(2864, 0, 'July', 27, 4, 3, NULL, NULL),
(2865, 0, 'July', 27, 5, 3, NULL, NULL),
(2866, 0, 'July', 28, 1, 3, NULL, NULL),
(2867, 0, 'July', 28, 2, 3, NULL, NULL),
(2868, 0, 'July', 28, 3, 3, NULL, NULL),
(2869, 0, 'July', 28, 4, 3, NULL, NULL),
(2870, 0, 'July', 28, 5, 3, NULL, NULL),
(2871, 0, 'July', 29, 1, 3, NULL, NULL),
(2872, 0, 'July', 29, 2, 3, NULL, NULL),
(2873, 0, 'July', 29, 3, 3, NULL, NULL),
(2874, 0, 'July', 29, 4, 3, NULL, NULL),
(2875, 0, 'July', 29, 5, 3, NULL, NULL),
(2876, 0, 'July', 30, 1, 3, NULL, NULL),
(2877, 0, 'July', 30, 2, 3, NULL, NULL),
(2878, 0, 'July', 30, 3, 3, NULL, NULL),
(2879, 0, 'July', 30, 4, 3, NULL, NULL),
(2880, 0, 'July', 30, 5, 3, NULL, NULL),
(2881, 0, 'July', 31, 1, 3, NULL, NULL),
(2882, 0, 'July', 31, 2, 3, NULL, NULL),
(2883, 0, 'July', 31, 3, 3, NULL, NULL),
(2884, 0, 'July', 31, 4, 3, NULL, NULL),
(2885, 0, 'July', 31, 5, 3, NULL, NULL),
(2886, 0, 'August', 1, 1, 3, NULL, NULL),
(2887, 0, 'August', 1, 2, 3, NULL, NULL),
(2888, 0, 'August', 1, 3, 3, NULL, NULL),
(2889, 0, 'August', 1, 4, 3, NULL, NULL),
(2890, 0, 'August', 1, 5, 3, NULL, NULL),
(2891, 0, 'August', 2, 1, 3, NULL, NULL),
(2892, 0, 'August', 2, 2, 3, NULL, NULL),
(2893, 0, 'August', 2, 3, 3, NULL, NULL),
(2894, 0, 'August', 2, 4, 3, NULL, NULL),
(2895, 0, 'August', 2, 5, 3, NULL, NULL),
(2896, 0, 'August', 3, 1, 3, NULL, NULL),
(2897, 0, 'August', 3, 2, 3, NULL, NULL),
(2898, 0, 'August', 3, 3, 3, NULL, NULL),
(2899, 0, 'August', 3, 4, 3, NULL, NULL),
(2900, 0, 'August', 3, 5, 3, NULL, NULL),
(2901, 0, 'August', 4, 1, 3, NULL, NULL),
(2902, 0, 'August', 4, 2, 3, NULL, NULL),
(2903, 0, 'August', 4, 3, 3, NULL, NULL),
(2904, 0, 'August', 4, 4, 3, NULL, NULL),
(2905, 0, 'August', 4, 5, 3, NULL, NULL),
(2906, 0, 'August', 5, 1, 3, NULL, NULL),
(2907, 0, 'August', 5, 2, 3, NULL, NULL),
(2908, 0, 'August', 5, 3, 3, NULL, NULL),
(2909, 0, 'August', 5, 4, 3, NULL, NULL),
(2910, 0, 'August', 5, 5, 3, NULL, NULL),
(2911, 0, 'August', 6, 1, 3, NULL, NULL),
(2912, 0, 'August', 6, 2, 3, NULL, NULL),
(2913, 0, 'August', 6, 3, 3, NULL, NULL),
(2914, 0, 'August', 6, 4, 3, NULL, NULL),
(2915, 0, 'August', 6, 5, 3, NULL, NULL),
(2916, 0, 'August', 7, 1, 3, NULL, NULL),
(2917, 0, 'August', 7, 2, 3, NULL, NULL),
(2918, 0, 'August', 7, 3, 3, NULL, NULL),
(2919, 0, 'August', 7, 4, 3, NULL, NULL),
(2920, 0, 'August', 7, 5, 3, NULL, NULL),
(2921, 0, 'August', 8, 1, 3, NULL, NULL),
(2922, 0, 'August', 8, 2, 3, NULL, NULL),
(2923, 0, 'August', 8, 3, 3, NULL, NULL),
(2924, 0, 'August', 8, 4, 3, NULL, NULL),
(2925, 0, 'August', 8, 5, 3, NULL, NULL),
(2926, 0, 'August', 9, 1, 3, NULL, NULL),
(2927, 0, 'August', 9, 2, 3, NULL, NULL),
(2928, 0, 'August', 9, 3, 3, NULL, NULL),
(2929, 0, 'August', 9, 4, 3, NULL, NULL),
(2930, 0, 'August', 9, 5, 3, NULL, NULL),
(2931, 0, 'August', 10, 1, 3, NULL, NULL),
(2932, 0, 'August', 10, 2, 3, NULL, NULL),
(2933, 0, 'August', 10, 3, 3, NULL, NULL),
(2934, 0, 'August', 10, 4, 3, NULL, NULL),
(2935, 0, 'August', 10, 5, 3, NULL, NULL),
(2936, 0, 'August', 11, 1, 3, NULL, NULL),
(2937, 0, 'August', 11, 2, 3, NULL, NULL),
(2938, 0, 'August', 11, 3, 3, NULL, NULL),
(2939, 0, 'August', 11, 4, 3, NULL, NULL),
(2940, 0, 'August', 11, 5, 3, NULL, NULL),
(2941, 0, 'August', 12, 1, 3, NULL, NULL),
(2942, 0, 'August', 12, 2, 3, NULL, NULL),
(2943, 0, 'August', 12, 3, 3, NULL, NULL),
(2944, 0, 'August', 12, 4, 3, NULL, NULL),
(2945, 0, 'August', 12, 5, 3, NULL, NULL),
(2946, 0, 'August', 13, 1, 3, NULL, NULL),
(2947, 0, 'August', 13, 2, 3, NULL, NULL),
(2948, 0, 'August', 13, 3, 3, NULL, NULL),
(2949, 0, 'August', 13, 4, 3, NULL, NULL),
(2950, 0, 'August', 13, 5, 3, NULL, NULL),
(2951, 0, 'August', 14, 1, 3, NULL, NULL),
(2952, 0, 'August', 14, 2, 3, NULL, NULL),
(2953, 0, 'August', 14, 3, 3, NULL, NULL),
(2954, 0, 'August', 14, 4, 3, NULL, NULL),
(2955, 0, 'August', 14, 5, 3, NULL, NULL),
(2956, 0, 'August', 15, 1, 3, NULL, NULL),
(2957, 0, 'August', 15, 2, 3, NULL, NULL),
(2958, 0, 'August', 15, 3, 3, NULL, NULL),
(2959, 0, 'August', 15, 4, 3, NULL, NULL),
(2960, 0, 'August', 15, 5, 3, NULL, NULL),
(2961, 0, 'August', 16, 1, 3, NULL, NULL),
(2962, 0, 'August', 16, 2, 3, NULL, NULL),
(2963, 0, 'August', 16, 3, 3, NULL, NULL),
(2964, 0, 'August', 16, 4, 3, NULL, NULL),
(2965, 0, 'August', 16, 5, 3, NULL, NULL),
(2966, 0, 'August', 17, 1, 3, NULL, NULL),
(2967, 0, 'August', 17, 2, 3, NULL, NULL),
(2968, 0, 'August', 17, 3, 3, NULL, NULL),
(2969, 0, 'August', 17, 4, 3, NULL, NULL),
(2970, 0, 'August', 17, 5, 3, NULL, NULL),
(2971, 0, 'August', 18, 1, 3, NULL, NULL),
(2972, 0, 'August', 18, 2, 3, NULL, NULL),
(2973, 0, 'August', 18, 3, 3, NULL, NULL),
(2974, 0, 'August', 18, 4, 3, NULL, NULL),
(2975, 0, 'August', 18, 5, 3, NULL, NULL),
(2976, 0, 'August', 19, 1, 3, NULL, NULL),
(2977, 0, 'August', 19, 2, 3, NULL, NULL),
(2978, 0, 'August', 19, 3, 3, NULL, NULL),
(2979, 0, 'August', 19, 4, 3, NULL, NULL),
(2980, 0, 'August', 19, 5, 3, NULL, NULL),
(2981, 0, 'August', 20, 1, 3, NULL, NULL),
(2982, 0, 'August', 20, 2, 3, NULL, NULL),
(2983, 0, 'August', 20, 3, 3, NULL, NULL),
(2984, 0, 'August', 20, 4, 3, NULL, NULL),
(2985, 0, 'August', 20, 5, 3, NULL, NULL),
(2986, 0, 'August', 21, 1, 3, NULL, NULL),
(2987, 0, 'August', 21, 2, 3, NULL, NULL),
(2988, 0, 'August', 21, 3, 3, NULL, NULL),
(2989, 0, 'August', 21, 4, 3, NULL, NULL),
(2990, 0, 'August', 21, 5, 3, NULL, NULL),
(2991, 0, 'August', 22, 1, 3, NULL, NULL),
(2992, 0, 'August', 22, 2, 3, NULL, NULL),
(2993, 0, 'August', 22, 3, 3, NULL, NULL),
(2994, 0, 'August', 22, 4, 3, NULL, NULL),
(2995, 0, 'August', 22, 5, 3, NULL, NULL),
(2996, 0, 'August', 23, 1, 3, NULL, NULL),
(2997, 0, 'August', 23, 2, 3, NULL, NULL),
(2998, 0, 'August', 23, 3, 3, NULL, NULL),
(2999, 0, 'August', 23, 4, 3, NULL, NULL),
(3000, 0, 'August', 23, 5, 3, NULL, NULL),
(3001, 0, 'August', 24, 1, 3, NULL, NULL),
(3002, 0, 'August', 24, 2, 3, NULL, NULL),
(3003, 0, 'August', 24, 3, 3, NULL, NULL),
(3004, 0, 'August', 24, 4, 3, NULL, NULL),
(3005, 0, 'August', 24, 5, 3, NULL, NULL),
(3006, 0, 'August', 25, 1, 3, NULL, NULL),
(3007, 0, 'August', 25, 2, 3, NULL, NULL),
(3008, 0, 'August', 25, 3, 3, NULL, NULL),
(3009, 0, 'August', 25, 4, 3, NULL, NULL),
(3010, 0, 'August', 25, 5, 3, NULL, NULL),
(3011, 0, 'August', 26, 1, 3, NULL, NULL),
(3012, 0, 'August', 26, 2, 3, NULL, NULL),
(3013, 0, 'August', 26, 3, 3, NULL, NULL),
(3014, 0, 'August', 26, 4, 3, NULL, NULL),
(3015, 0, 'August', 26, 5, 3, NULL, NULL),
(3016, 0, 'August', 27, 1, 3, NULL, NULL),
(3017, 0, 'August', 27, 2, 3, NULL, NULL),
(3018, 0, 'August', 27, 3, 3, NULL, NULL),
(3019, 0, 'August', 27, 4, 3, NULL, NULL),
(3020, 0, 'August', 27, 5, 3, NULL, NULL),
(3021, 0, 'August', 28, 1, 3, NULL, NULL),
(3022, 0, 'August', 28, 2, 3, NULL, NULL),
(3023, 0, 'August', 28, 3, 3, NULL, NULL),
(3024, 0, 'August', 28, 4, 3, NULL, NULL),
(3025, 0, 'August', 28, 5, 3, NULL, NULL),
(3026, 0, 'August', 29, 1, 3, NULL, NULL),
(3027, 0, 'August', 29, 2, 3, NULL, NULL),
(3028, 0, 'August', 29, 3, 3, NULL, NULL),
(3029, 0, 'August', 29, 4, 3, NULL, NULL),
(3030, 0, 'August', 29, 5, 3, NULL, NULL),
(3031, 0, 'August', 30, 1, 3, NULL, NULL),
(3032, 0, 'August', 30, 2, 3, NULL, NULL),
(3033, 0, 'August', 30, 3, 3, NULL, NULL),
(3034, 0, 'August', 30, 4, 3, NULL, NULL),
(3035, 0, 'August', 30, 5, 3, NULL, NULL),
(3036, 0, 'August', 31, 1, 3, NULL, NULL),
(3037, 0, 'August', 31, 2, 3, NULL, NULL),
(3038, 0, 'August', 31, 3, 3, NULL, NULL),
(3039, 0, 'August', 31, 4, 3, NULL, NULL),
(3040, 0, 'August', 31, 5, 3, NULL, NULL),
(3041, 0, 'September', 1, 1, 3, NULL, NULL),
(3042, 0, 'September', 1, 2, 3, NULL, NULL),
(3043, 0, 'September', 1, 3, 3, NULL, NULL),
(3044, 0, 'September', 1, 4, 3, NULL, NULL),
(3045, 0, 'September', 1, 5, 3, NULL, NULL),
(3046, 0, 'September', 2, 1, 3, NULL, NULL),
(3047, 0, 'September', 2, 2, 3, NULL, NULL),
(3048, 0, 'September', 2, 3, 3, NULL, NULL),
(3049, 0, 'September', 2, 4, 3, NULL, NULL),
(3050, 0, 'September', 2, 5, 3, NULL, NULL),
(3051, 0, 'September', 3, 1, 3, NULL, NULL),
(3052, 0, 'September', 3, 2, 3, NULL, NULL),
(3053, 0, 'September', 3, 3, 3, NULL, NULL),
(3054, 0, 'September', 3, 4, 3, NULL, NULL),
(3055, 0, 'September', 3, 5, 3, NULL, NULL),
(3056, 0, 'September', 4, 1, 3, NULL, NULL),
(3057, 0, 'September', 4, 2, 3, NULL, NULL),
(3058, 0, 'September', 4, 3, 3, NULL, NULL),
(3059, 0, 'September', 4, 4, 3, NULL, NULL),
(3060, 0, 'September', 4, 5, 3, NULL, NULL),
(3061, 0, 'September', 5, 1, 3, NULL, NULL),
(3062, 0, 'September', 5, 2, 3, NULL, NULL),
(3063, 0, 'September', 5, 3, 3, NULL, NULL),
(3064, 0, 'September', 5, 4, 3, NULL, NULL),
(3065, 0, 'September', 5, 5, 3, NULL, NULL),
(3066, 0, 'September', 6, 1, 3, NULL, NULL),
(3067, 0, 'September', 6, 2, 3, NULL, NULL),
(3068, 0, 'September', 6, 3, 3, NULL, NULL),
(3069, 0, 'September', 6, 4, 3, NULL, NULL),
(3070, 0, 'September', 6, 5, 3, NULL, NULL),
(3071, 0, 'September', 7, 1, 3, NULL, NULL),
(3072, 0, 'September', 7, 2, 3, NULL, NULL),
(3073, 0, 'September', 7, 3, 3, NULL, NULL),
(3074, 0, 'September', 7, 4, 3, NULL, NULL),
(3075, 0, 'September', 7, 5, 3, NULL, NULL),
(3076, 0, 'September', 8, 1, 3, NULL, NULL),
(3077, 0, 'September', 8, 2, 3, NULL, NULL),
(3078, 0, 'September', 8, 3, 3, NULL, NULL),
(3079, 0, 'September', 8, 4, 3, NULL, NULL),
(3080, 0, 'September', 8, 5, 3, NULL, NULL),
(3081, 0, 'September', 9, 1, 3, NULL, NULL),
(3082, 0, 'September', 9, 2, 3, NULL, NULL),
(3083, 0, 'September', 9, 3, 3, NULL, NULL),
(3084, 0, 'September', 9, 4, 3, NULL, NULL),
(3085, 0, 'September', 9, 5, 3, NULL, NULL),
(3086, 0, 'September', 10, 1, 3, NULL, NULL),
(3087, 0, 'September', 10, 2, 3, NULL, NULL),
(3088, 0, 'September', 10, 3, 3, NULL, NULL),
(3089, 0, 'September', 10, 4, 3, NULL, NULL),
(3090, 0, 'September', 10, 5, 3, NULL, NULL),
(3091, 0, 'September', 11, 1, 3, NULL, NULL),
(3092, 0, 'September', 11, 2, 3, NULL, NULL),
(3093, 0, 'September', 11, 3, 3, NULL, NULL),
(3094, 0, 'September', 11, 4, 3, NULL, NULL),
(3095, 0, 'September', 11, 5, 3, NULL, NULL),
(3096, 0, 'September', 12, 1, 3, NULL, NULL),
(3097, 0, 'September', 12, 2, 3, NULL, NULL),
(3098, 0, 'September', 12, 3, 3, NULL, NULL),
(3099, 0, 'September', 12, 4, 3, NULL, NULL),
(3100, 0, 'September', 12, 5, 3, NULL, NULL),
(3101, 0, 'September', 13, 1, 3, NULL, NULL),
(3102, 0, 'September', 13, 2, 3, NULL, NULL),
(3103, 0, 'September', 13, 3, 3, NULL, NULL),
(3104, 0, 'September', 13, 4, 3, NULL, NULL),
(3105, 0, 'September', 13, 5, 3, NULL, NULL),
(3106, 0, 'September', 14, 1, 3, NULL, NULL),
(3107, 0, 'September', 14, 2, 3, NULL, NULL),
(3108, 0, 'September', 14, 3, 3, NULL, NULL),
(3109, 0, 'September', 14, 4, 3, NULL, NULL),
(3110, 0, 'September', 14, 5, 3, NULL, NULL),
(3111, 0, 'September', 15, 1, 3, NULL, NULL),
(3112, 0, 'September', 15, 2, 3, NULL, NULL),
(3113, 0, 'September', 15, 3, 3, NULL, NULL),
(3114, 0, 'September', 15, 4, 3, NULL, NULL),
(3115, 0, 'September', 15, 5, 3, NULL, NULL),
(3116, 0, 'September', 16, 1, 3, NULL, NULL),
(3117, 0, 'September', 16, 2, 3, NULL, NULL),
(3118, 0, 'September', 16, 3, 3, NULL, NULL),
(3119, 0, 'September', 16, 4, 3, NULL, NULL),
(3120, 0, 'September', 16, 5, 3, NULL, NULL),
(3121, 0, 'September', 17, 1, 3, NULL, NULL),
(3122, 0, 'September', 17, 2, 3, NULL, NULL),
(3123, 0, 'September', 17, 3, 3, NULL, NULL),
(3124, 0, 'September', 17, 4, 3, NULL, NULL),
(3125, 0, 'September', 17, 5, 3, NULL, NULL),
(3126, 0, 'September', 18, 1, 3, NULL, NULL),
(3127, 0, 'September', 18, 2, 3, NULL, NULL),
(3128, 0, 'September', 18, 3, 3, NULL, NULL),
(3129, 0, 'September', 18, 4, 3, NULL, NULL),
(3130, 0, 'September', 18, 5, 3, NULL, NULL),
(3131, 0, 'September', 19, 1, 3, NULL, NULL),
(3132, 0, 'September', 19, 2, 3, NULL, NULL),
(3133, 0, 'September', 19, 3, 3, NULL, NULL),
(3134, 0, 'September', 19, 4, 3, NULL, NULL),
(3135, 0, 'September', 19, 5, 3, NULL, NULL),
(3136, 0, 'September', 20, 1, 3, NULL, NULL),
(3137, 0, 'September', 20, 2, 3, NULL, NULL),
(3138, 0, 'September', 20, 3, 3, NULL, NULL),
(3139, 0, 'September', 20, 4, 3, NULL, NULL),
(3140, 0, 'September', 20, 5, 3, NULL, NULL),
(3141, 0, 'September', 21, 1, 3, NULL, NULL),
(3142, 0, 'September', 21, 2, 3, NULL, NULL),
(3143, 0, 'September', 21, 3, 3, NULL, NULL),
(3144, 0, 'September', 21, 4, 3, NULL, NULL),
(3145, 0, 'September', 21, 5, 3, NULL, NULL),
(3146, 0, 'September', 22, 1, 3, NULL, NULL),
(3147, 0, 'September', 22, 2, 3, NULL, NULL),
(3148, 0, 'September', 22, 3, 3, NULL, NULL),
(3149, 0, 'September', 22, 4, 3, NULL, NULL),
(3150, 0, 'September', 22, 5, 3, NULL, NULL),
(3151, 0, 'September', 23, 1, 3, NULL, NULL),
(3152, 0, 'September', 23, 2, 3, NULL, NULL),
(3153, 0, 'September', 23, 3, 3, NULL, NULL),
(3154, 0, 'September', 23, 4, 3, NULL, NULL),
(3155, 0, 'September', 23, 5, 3, NULL, NULL),
(3156, 0, 'September', 24, 1, 3, NULL, NULL),
(3157, 0, 'September', 24, 2, 3, NULL, NULL),
(3158, 0, 'September', 24, 3, 3, NULL, NULL),
(3159, 0, 'September', 24, 4, 3, NULL, NULL),
(3160, 0, 'September', 24, 5, 3, NULL, NULL),
(3161, 0, 'September', 25, 1, 3, NULL, NULL),
(3162, 0, 'September', 25, 2, 3, NULL, NULL),
(3163, 0, 'September', 25, 3, 3, NULL, NULL),
(3164, 0, 'September', 25, 4, 3, NULL, NULL),
(3165, 0, 'September', 25, 5, 3, NULL, NULL),
(3166, 0, 'September', 26, 1, 3, NULL, NULL),
(3167, 0, 'September', 26, 2, 3, NULL, NULL),
(3168, 0, 'September', 26, 3, 3, NULL, NULL),
(3169, 0, 'September', 26, 4, 3, NULL, NULL),
(3170, 0, 'September', 26, 5, 3, NULL, NULL),
(3171, 0, 'September', 27, 1, 3, NULL, NULL),
(3172, 0, 'September', 27, 2, 3, NULL, NULL),
(3173, 0, 'September', 27, 3, 3, NULL, NULL),
(3174, 0, 'September', 27, 4, 3, NULL, NULL),
(3175, 0, 'September', 27, 5, 3, NULL, NULL),
(3176, 0, 'September', 28, 1, 3, NULL, NULL),
(3177, 0, 'September', 28, 2, 3, NULL, NULL),
(3178, 0, 'September', 28, 3, 3, NULL, NULL),
(3179, 0, 'September', 28, 4, 3, NULL, NULL),
(3180, 0, 'September', 28, 5, 3, NULL, NULL),
(3181, 0, 'September', 29, 1, 3, NULL, NULL),
(3182, 0, 'September', 29, 2, 3, NULL, NULL),
(3183, 0, 'September', 29, 3, 3, NULL, NULL),
(3184, 0, 'September', 29, 4, 3, NULL, NULL),
(3185, 0, 'September', 29, 5, 3, NULL, NULL),
(3186, 0, 'September', 30, 1, 3, NULL, NULL),
(3187, 0, 'September', 30, 2, 3, NULL, NULL),
(3188, 0, 'September', 30, 3, 3, NULL, NULL),
(3189, 0, 'September', 30, 4, 3, NULL, NULL),
(3190, 0, 'September', 30, 5, 3, NULL, NULL),
(3191, 0, 'October', 1, 1, 3, NULL, NULL),
(3192, 0, 'October', 1, 2, 3, NULL, NULL),
(3193, 0, 'October', 1, 3, 3, NULL, NULL),
(3194, 0, 'October', 1, 4, 3, NULL, NULL),
(3195, 0, 'October', 1, 5, 3, NULL, NULL),
(3196, 0, 'October', 2, 1, 3, NULL, NULL),
(3197, 0, 'October', 2, 2, 3, NULL, NULL),
(3198, 0, 'October', 2, 3, 3, NULL, NULL),
(3199, 0, 'October', 2, 4, 3, NULL, NULL),
(3200, 0, 'October', 2, 5, 3, NULL, NULL),
(3201, 0, 'October', 3, 1, 3, NULL, NULL),
(3202, 0, 'October', 3, 2, 3, NULL, NULL),
(3203, 0, 'October', 3, 3, 3, NULL, NULL),
(3204, 0, 'October', 3, 4, 3, NULL, NULL),
(3205, 0, 'October', 3, 5, 3, NULL, NULL),
(3206, 0, 'October', 4, 1, 3, NULL, NULL),
(3207, 0, 'October', 4, 2, 3, NULL, NULL),
(3208, 0, 'October', 4, 3, 3, NULL, NULL),
(3209, 0, 'October', 4, 4, 3, NULL, NULL),
(3210, 0, 'October', 4, 5, 3, NULL, NULL),
(3211, 0, 'October', 5, 1, 3, NULL, NULL),
(3212, 0, 'October', 5, 2, 3, NULL, NULL),
(3213, 0, 'October', 5, 3, 3, NULL, NULL),
(3214, 0, 'October', 5, 4, 3, NULL, NULL),
(3215, 0, 'October', 5, 5, 3, NULL, NULL),
(3216, 0, 'October', 6, 1, 3, NULL, NULL),
(3217, 0, 'October', 6, 2, 3, NULL, NULL),
(3218, 0, 'October', 6, 3, 3, NULL, NULL),
(3219, 0, 'October', 6, 4, 3, NULL, NULL),
(3220, 0, 'October', 6, 5, 3, NULL, NULL),
(3221, 0, 'October', 7, 1, 3, NULL, NULL),
(3222, 0, 'October', 7, 2, 3, NULL, NULL),
(3223, 0, 'October', 7, 3, 3, NULL, NULL),
(3224, 0, 'October', 7, 4, 3, NULL, NULL),
(3225, 0, 'October', 7, 5, 3, NULL, NULL),
(3226, 0, 'October', 8, 1, 3, NULL, NULL),
(3227, 0, 'October', 8, 2, 3, NULL, NULL),
(3228, 0, 'October', 8, 3, 3, NULL, NULL),
(3229, 0, 'October', 8, 4, 3, NULL, NULL),
(3230, 0, 'October', 8, 5, 3, NULL, NULL),
(3231, 0, 'October', 9, 1, 3, NULL, NULL),
(3232, 0, 'October', 9, 2, 3, NULL, NULL),
(3233, 0, 'October', 9, 3, 3, NULL, NULL),
(3234, 0, 'October', 9, 4, 3, NULL, NULL),
(3235, 0, 'October', 9, 5, 3, NULL, NULL),
(3236, 0, 'October', 10, 1, 3, NULL, NULL),
(3237, 0, 'October', 10, 2, 3, NULL, NULL),
(3238, 0, 'October', 10, 3, 3, NULL, NULL),
(3239, 0, 'October', 10, 4, 3, NULL, NULL),
(3240, 0, 'October', 10, 5, 3, NULL, NULL),
(3241, 0, 'October', 11, 1, 3, NULL, NULL),
(3242, 0, 'October', 11, 2, 3, NULL, NULL),
(3243, 0, 'October', 11, 3, 3, NULL, NULL),
(3244, 0, 'October', 11, 4, 3, NULL, NULL),
(3245, 0, 'October', 11, 5, 3, NULL, NULL),
(3246, 0, 'October', 12, 1, 3, NULL, NULL),
(3247, 0, 'October', 12, 2, 3, NULL, NULL),
(3248, 0, 'October', 12, 3, 3, NULL, NULL),
(3249, 0, 'October', 12, 4, 3, NULL, NULL),
(3250, 0, 'October', 12, 5, 3, NULL, NULL),
(3251, 0, 'October', 13, 1, 3, NULL, NULL),
(3252, 0, 'October', 13, 2, 3, NULL, NULL),
(3253, 0, 'October', 13, 3, 3, NULL, NULL),
(3254, 0, 'October', 13, 4, 3, NULL, NULL),
(3255, 0, 'October', 13, 5, 3, NULL, NULL),
(3256, 0, 'October', 14, 1, 3, NULL, NULL),
(3257, 0, 'October', 14, 2, 3, NULL, NULL),
(3258, 0, 'October', 14, 3, 3, NULL, NULL),
(3259, 0, 'October', 14, 4, 3, NULL, NULL),
(3260, 0, 'October', 14, 5, 3, NULL, NULL),
(3261, 0, 'October', 15, 1, 3, NULL, NULL),
(3262, 0, 'October', 15, 2, 3, NULL, NULL),
(3263, 0, 'October', 15, 3, 3, NULL, NULL),
(3264, 0, 'October', 15, 4, 3, NULL, NULL),
(3265, 0, 'October', 15, 5, 3, NULL, NULL),
(3266, 0, 'October', 16, 1, 3, NULL, NULL),
(3267, 0, 'October', 16, 2, 3, NULL, NULL),
(3268, 0, 'October', 16, 3, 3, NULL, NULL),
(3269, 0, 'October', 16, 4, 3, NULL, NULL),
(3270, 0, 'October', 16, 5, 3, NULL, NULL),
(3271, 0, 'October', 17, 1, 3, NULL, NULL),
(3272, 0, 'October', 17, 2, 3, NULL, NULL),
(3273, 0, 'October', 17, 3, 3, NULL, NULL),
(3274, 0, 'October', 17, 4, 3, NULL, NULL),
(3275, 0, 'October', 17, 5, 3, NULL, NULL),
(3276, 0, 'October', 18, 1, 3, NULL, NULL),
(3277, 0, 'October', 18, 2, 3, NULL, NULL),
(3278, 0, 'October', 18, 3, 3, NULL, NULL),
(3279, 0, 'October', 18, 4, 3, NULL, NULL),
(3280, 0, 'October', 18, 5, 3, NULL, NULL),
(3281, 0, 'October', 19, 1, 3, NULL, NULL),
(3282, 0, 'October', 19, 2, 3, NULL, NULL),
(3283, 0, 'October', 19, 3, 3, NULL, NULL),
(3284, 0, 'October', 19, 4, 3, NULL, NULL),
(3285, 0, 'October', 19, 5, 3, NULL, NULL),
(3286, 0, 'October', 20, 1, 3, NULL, NULL),
(3287, 0, 'October', 20, 2, 3, NULL, NULL),
(3288, 0, 'October', 20, 3, 3, NULL, NULL),
(3289, 0, 'October', 20, 4, 3, NULL, NULL),
(3290, 0, 'October', 20, 5, 3, NULL, NULL),
(3291, 0, 'October', 21, 1, 3, NULL, NULL),
(3292, 0, 'October', 21, 2, 3, NULL, NULL),
(3293, 0, 'October', 21, 3, 3, NULL, NULL),
(3294, 0, 'October', 21, 4, 3, NULL, NULL),
(3295, 0, 'October', 21, 5, 3, NULL, NULL),
(3296, 0, 'October', 22, 1, 3, NULL, NULL),
(3297, 0, 'October', 22, 2, 3, NULL, NULL),
(3298, 0, 'October', 22, 3, 3, NULL, NULL),
(3299, 0, 'October', 22, 4, 3, NULL, NULL),
(3300, 0, 'October', 22, 5, 3, NULL, NULL),
(3301, 0, 'October', 23, 1, 3, NULL, NULL),
(3302, 0, 'October', 23, 2, 3, NULL, NULL),
(3303, 0, 'October', 23, 3, 3, NULL, NULL),
(3304, 0, 'October', 23, 4, 3, NULL, NULL),
(3305, 0, 'October', 23, 5, 3, NULL, NULL),
(3306, 0, 'October', 24, 1, 3, NULL, NULL),
(3307, 0, 'October', 24, 2, 3, NULL, NULL),
(3308, 0, 'October', 24, 3, 3, NULL, NULL),
(3309, 0, 'October', 24, 4, 3, NULL, NULL),
(3310, 0, 'October', 24, 5, 3, NULL, NULL),
(3311, 0, 'October', 25, 1, 3, NULL, NULL),
(3312, 0, 'October', 25, 2, 3, NULL, NULL),
(3313, 0, 'October', 25, 3, 3, NULL, NULL),
(3314, 0, 'October', 25, 4, 3, NULL, NULL),
(3315, 0, 'October', 25, 5, 3, NULL, NULL),
(3316, 0, 'October', 26, 1, 3, NULL, NULL),
(3317, 0, 'October', 26, 2, 3, NULL, NULL),
(3318, 0, 'October', 26, 3, 3, NULL, NULL),
(3319, 0, 'October', 26, 4, 3, NULL, NULL),
(3320, 0, 'October', 26, 5, 3, NULL, NULL),
(3321, 0, 'October', 27, 1, 3, NULL, NULL),
(3322, 0, 'October', 27, 2, 3, NULL, NULL),
(3323, 0, 'October', 27, 3, 3, NULL, NULL),
(3324, 0, 'October', 27, 4, 3, NULL, NULL),
(3325, 0, 'October', 27, 5, 3, NULL, NULL),
(3326, 0, 'October', 28, 1, 3, NULL, NULL),
(3327, 0, 'October', 28, 2, 3, NULL, NULL),
(3328, 0, 'October', 28, 3, 3, NULL, NULL),
(3329, 0, 'October', 28, 4, 3, NULL, NULL),
(3330, 0, 'October', 28, 5, 3, NULL, NULL),
(3331, 0, 'October', 29, 1, 3, NULL, NULL),
(3332, 0, 'October', 29, 2, 3, NULL, NULL),
(3333, 0, 'October', 29, 3, 3, NULL, NULL),
(3334, 0, 'October', 29, 4, 3, NULL, NULL),
(3335, 0, 'October', 29, 5, 3, NULL, NULL),
(3336, 0, 'October', 30, 1, 3, NULL, NULL),
(3337, 0, 'October', 30, 2, 3, NULL, NULL),
(3338, 0, 'October', 30, 3, 3, NULL, NULL),
(3339, 0, 'October', 30, 4, 3, NULL, NULL),
(3340, 0, 'October', 30, 5, 3, NULL, NULL),
(3341, 0, 'October', 31, 1, 3, NULL, NULL),
(3342, 0, 'October', 31, 2, 3, NULL, NULL),
(3343, 0, 'October', 31, 3, 3, NULL, NULL),
(3344, 0, 'October', 31, 4, 3, NULL, NULL),
(3345, 0, 'October', 31, 5, 3, NULL, NULL),
(3346, 0, 'November', 1, 1, 3, NULL, NULL),
(3347, 0, 'November', 1, 2, 3, NULL, NULL),
(3348, 0, 'November', 1, 3, 3, NULL, NULL),
(3349, 0, 'November', 1, 4, 3, NULL, NULL),
(3350, 0, 'November', 1, 5, 3, NULL, NULL),
(3351, 0, 'November', 2, 1, 3, NULL, NULL),
(3352, 0, 'November', 2, 2, 3, NULL, NULL),
(3353, 0, 'November', 2, 3, 3, NULL, NULL),
(3354, 0, 'November', 2, 4, 3, NULL, NULL),
(3355, 0, 'November', 2, 5, 3, NULL, NULL),
(3356, 0, 'November', 3, 1, 3, NULL, NULL),
(3357, 0, 'November', 3, 2, 3, NULL, NULL),
(3358, 0, 'November', 3, 3, 3, NULL, NULL),
(3359, 0, 'November', 3, 4, 3, NULL, NULL),
(3360, 0, 'November', 3, 5, 3, NULL, NULL),
(3361, 0, 'November', 4, 1, 3, NULL, NULL),
(3362, 0, 'November', 4, 2, 3, NULL, NULL),
(3363, 0, 'November', 4, 3, 3, NULL, NULL),
(3364, 0, 'November', 4, 4, 3, NULL, NULL),
(3365, 0, 'November', 4, 5, 3, NULL, NULL),
(3366, 0, 'November', 5, 1, 3, NULL, NULL),
(3367, 0, 'November', 5, 2, 3, NULL, NULL),
(3368, 0, 'November', 5, 3, 3, NULL, NULL),
(3369, 0, 'November', 5, 4, 3, NULL, NULL),
(3370, 0, 'November', 5, 5, 3, NULL, NULL),
(3371, 0, 'November', 6, 1, 3, NULL, NULL),
(3372, 0, 'November', 6, 2, 3, NULL, NULL),
(3373, 0, 'November', 6, 3, 3, NULL, NULL),
(3374, 0, 'November', 6, 4, 3, NULL, NULL),
(3375, 0, 'November', 6, 5, 3, NULL, NULL),
(3376, 0, 'November', 7, 1, 3, NULL, NULL),
(3377, 0, 'November', 7, 2, 3, NULL, NULL),
(3378, 0, 'November', 7, 3, 3, NULL, NULL),
(3379, 0, 'November', 7, 4, 3, NULL, NULL),
(3380, 0, 'November', 7, 5, 3, NULL, NULL),
(3381, 0, 'November', 8, 1, 3, NULL, NULL),
(3382, 0, 'November', 8, 2, 3, NULL, NULL),
(3383, 0, 'November', 8, 3, 3, NULL, NULL),
(3384, 0, 'November', 8, 4, 3, NULL, NULL),
(3385, 0, 'November', 8, 5, 3, NULL, NULL),
(3386, 0, 'November', 9, 1, 3, NULL, NULL),
(3387, 0, 'November', 9, 2, 3, NULL, NULL),
(3388, 0, 'November', 9, 3, 3, NULL, NULL),
(3389, 0, 'November', 9, 4, 3, NULL, NULL),
(3390, 0, 'November', 9, 5, 3, NULL, NULL),
(3391, 0, 'November', 10, 1, 3, NULL, NULL),
(3392, 0, 'November', 10, 2, 3, NULL, NULL),
(3393, 0, 'November', 10, 3, 3, NULL, NULL),
(3394, 0, 'November', 10, 4, 3, NULL, NULL),
(3395, 0, 'November', 10, 5, 3, NULL, NULL),
(3396, 0, 'November', 11, 1, 3, NULL, NULL),
(3397, 0, 'November', 11, 2, 3, NULL, NULL),
(3398, 0, 'November', 11, 3, 3, NULL, NULL),
(3399, 0, 'November', 11, 4, 3, NULL, NULL),
(3400, 0, 'November', 11, 5, 3, NULL, NULL),
(3401, 0, 'November', 12, 1, 3, NULL, NULL),
(3402, 0, 'November', 12, 2, 3, NULL, NULL),
(3403, 0, 'November', 12, 3, 3, NULL, NULL),
(3404, 0, 'November', 12, 4, 3, NULL, NULL),
(3405, 0, 'November', 12, 5, 3, NULL, NULL),
(3406, 0, 'November', 13, 1, 3, NULL, NULL),
(3407, 0, 'November', 13, 2, 3, NULL, NULL),
(3408, 0, 'November', 13, 3, 3, NULL, NULL),
(3409, 0, 'November', 13, 4, 3, NULL, NULL),
(3410, 0, 'November', 13, 5, 3, NULL, NULL),
(3411, 0, 'November', 14, 1, 3, NULL, NULL),
(3412, 0, 'November', 14, 2, 3, NULL, NULL),
(3413, 0, 'November', 14, 3, 3, NULL, NULL),
(3414, 0, 'November', 14, 4, 3, NULL, NULL),
(3415, 0, 'November', 14, 5, 3, NULL, NULL),
(3416, 0, 'November', 15, 1, 3, NULL, NULL),
(3417, 0, 'November', 15, 2, 3, NULL, NULL),
(3418, 0, 'November', 15, 3, 3, NULL, NULL),
(3419, 0, 'November', 15, 4, 3, NULL, NULL),
(3420, 0, 'November', 15, 5, 3, NULL, NULL),
(3421, 0, 'November', 16, 1, 3, NULL, NULL),
(3422, 0, 'November', 16, 2, 3, NULL, NULL),
(3423, 0, 'November', 16, 3, 3, NULL, NULL),
(3424, 0, 'November', 16, 4, 3, NULL, NULL),
(3425, 0, 'November', 16, 5, 3, NULL, NULL),
(3426, 0, 'November', 17, 1, 3, NULL, NULL),
(3427, 0, 'November', 17, 2, 3, NULL, NULL),
(3428, 0, 'November', 17, 3, 3, NULL, NULL),
(3429, 0, 'November', 17, 4, 3, NULL, NULL),
(3430, 0, 'November', 17, 5, 3, NULL, NULL),
(3431, 0, 'November', 18, 1, 3, NULL, NULL),
(3432, 0, 'November', 18, 2, 3, NULL, NULL),
(3433, 0, 'November', 18, 3, 3, NULL, NULL),
(3434, 0, 'November', 18, 4, 3, NULL, NULL),
(3435, 0, 'November', 18, 5, 3, NULL, NULL),
(3436, 0, 'November', 19, 1, 3, NULL, NULL),
(3437, 0, 'November', 19, 2, 3, NULL, NULL),
(3438, 0, 'November', 19, 3, 3, NULL, NULL),
(3439, 0, 'November', 19, 4, 3, NULL, NULL),
(3440, 0, 'November', 19, 5, 3, NULL, NULL),
(3441, 0, 'November', 20, 1, 3, NULL, NULL),
(3442, 0, 'November', 20, 2, 3, NULL, NULL),
(3443, 0, 'November', 20, 3, 3, NULL, NULL),
(3444, 0, 'November', 20, 4, 3, NULL, NULL),
(3445, 0, 'November', 20, 5, 3, NULL, NULL),
(3446, 0, 'November', 21, 1, 3, NULL, NULL),
(3447, 0, 'November', 21, 2, 3, NULL, NULL),
(3448, 0, 'November', 21, 3, 3, NULL, NULL),
(3449, 0, 'November', 21, 4, 3, NULL, NULL),
(3450, 0, 'November', 21, 5, 3, NULL, NULL),
(3451, 0, 'November', 22, 1, 3, NULL, NULL),
(3452, 0, 'November', 22, 2, 3, NULL, NULL),
(3453, 0, 'November', 22, 3, 3, NULL, NULL),
(3454, 0, 'November', 22, 4, 3, NULL, NULL),
(3455, 0, 'November', 22, 5, 3, NULL, NULL),
(3456, 0, 'November', 23, 1, 3, NULL, NULL),
(3457, 0, 'November', 23, 2, 3, NULL, NULL),
(3458, 0, 'November', 23, 3, 3, NULL, NULL),
(3459, 0, 'November', 23, 4, 3, NULL, NULL),
(3460, 0, 'November', 23, 5, 3, NULL, NULL),
(3461, 0, 'November', 24, 1, 3, NULL, NULL),
(3462, 0, 'November', 24, 2, 3, NULL, NULL),
(3463, 0, 'November', 24, 3, 3, NULL, NULL),
(3464, 0, 'November', 24, 4, 3, NULL, NULL),
(3465, 0, 'November', 24, 5, 3, NULL, NULL),
(3466, 0, 'November', 25, 1, 3, NULL, NULL),
(3467, 0, 'November', 25, 2, 3, NULL, NULL),
(3468, 0, 'November', 25, 3, 3, NULL, NULL),
(3469, 0, 'November', 25, 4, 3, NULL, NULL),
(3470, 0, 'November', 25, 5, 3, NULL, NULL),
(3471, 0, 'November', 26, 1, 3, NULL, NULL),
(3472, 0, 'November', 26, 2, 3, NULL, NULL),
(3473, 0, 'November', 26, 3, 3, NULL, NULL),
(3474, 0, 'November', 26, 4, 3, NULL, NULL),
(3475, 0, 'November', 26, 5, 3, NULL, NULL),
(3476, 0, 'November', 27, 1, 3, NULL, NULL),
(3477, 0, 'November', 27, 2, 3, NULL, NULL),
(3478, 0, 'November', 27, 3, 3, NULL, NULL),
(3479, 0, 'November', 27, 4, 3, NULL, NULL),
(3480, 0, 'November', 27, 5, 3, NULL, NULL),
(3481, 0, 'November', 28, 1, 3, NULL, NULL),
(3482, 0, 'November', 28, 2, 3, NULL, NULL),
(3483, 0, 'November', 28, 3, 3, NULL, NULL),
(3484, 0, 'November', 28, 4, 3, NULL, NULL),
(3485, 0, 'November', 28, 5, 3, NULL, NULL),
(3486, 0, 'November', 29, 1, 3, NULL, NULL),
(3487, 0, 'November', 29, 2, 3, NULL, NULL),
(3488, 0, 'November', 29, 3, 3, NULL, NULL),
(3489, 0, 'November', 29, 4, 3, NULL, NULL),
(3490, 0, 'November', 29, 5, 3, NULL, NULL),
(3491, 0, 'November', 30, 1, 3, NULL, NULL),
(3492, 0, 'November', 30, 2, 3, NULL, NULL),
(3493, 0, 'November', 30, 3, 3, NULL, NULL),
(3494, 0, 'November', 30, 4, 3, NULL, NULL),
(3495, 0, 'November', 30, 5, 3, NULL, NULL),
(3496, 0, 'December', 1, 1, 3, NULL, NULL),
(3497, 0, 'December', 1, 2, 3, NULL, NULL),
(3498, 0, 'December', 1, 3, 3, NULL, NULL),
(3499, 0, 'December', 1, 4, 3, NULL, NULL),
(3500, 0, 'December', 1, 5, 3, NULL, NULL),
(3501, 0, 'December', 2, 1, 3, NULL, NULL),
(3502, 0, 'December', 2, 2, 3, NULL, NULL),
(3503, 0, 'December', 2, 3, 3, NULL, NULL),
(3504, 0, 'December', 2, 4, 3, NULL, NULL),
(3505, 0, 'December', 2, 5, 3, NULL, NULL),
(3506, 0, 'December', 3, 1, 3, NULL, NULL),
(3507, 0, 'December', 3, 2, 3, NULL, NULL),
(3508, 0, 'December', 3, 3, 3, NULL, NULL),
(3509, 0, 'December', 3, 4, 3, NULL, NULL),
(3510, 0, 'December', 3, 5, 3, NULL, NULL),
(3511, 0, 'December', 4, 1, 3, NULL, NULL),
(3512, 0, 'December', 4, 2, 3, NULL, NULL),
(3513, 0, 'December', 4, 3, 3, NULL, NULL),
(3514, 0, 'December', 4, 4, 3, NULL, NULL),
(3515, 0, 'December', 4, 5, 3, NULL, NULL),
(3516, 0, 'December', 5, 1, 3, NULL, NULL),
(3517, 0, 'December', 5, 2, 3, NULL, NULL),
(3518, 0, 'December', 5, 3, 3, NULL, NULL),
(3519, 0, 'December', 5, 4, 3, NULL, NULL),
(3520, 0, 'December', 5, 5, 3, NULL, NULL),
(3521, 0, 'December', 6, 1, 3, NULL, NULL),
(3522, 0, 'December', 6, 2, 3, NULL, NULL),
(3523, 0, 'December', 6, 3, 3, NULL, NULL),
(3524, 0, 'December', 6, 4, 3, NULL, NULL),
(3525, 0, 'December', 6, 5, 3, NULL, NULL),
(3526, 0, 'December', 7, 1, 3, NULL, NULL),
(3527, 0, 'December', 7, 2, 3, NULL, NULL),
(3528, 0, 'December', 7, 3, 3, NULL, NULL),
(3529, 0, 'December', 7, 4, 3, NULL, NULL),
(3530, 0, 'December', 7, 5, 3, NULL, NULL),
(3531, 0, 'December', 8, 1, 3, NULL, NULL),
(3532, 0, 'December', 8, 2, 3, NULL, NULL),
(3533, 0, 'December', 8, 3, 3, NULL, NULL),
(3534, 0, 'December', 8, 4, 3, NULL, NULL),
(3535, 0, 'December', 8, 5, 3, NULL, NULL),
(3536, 0, 'December', 9, 1, 3, NULL, NULL),
(3537, 0, 'December', 9, 2, 3, NULL, NULL),
(3538, 0, 'December', 9, 3, 3, NULL, NULL),
(3539, 0, 'December', 9, 4, 3, NULL, NULL),
(3540, 0, 'December', 9, 5, 3, NULL, NULL),
(3541, 0, 'December', 10, 1, 3, NULL, NULL),
(3542, 0, 'December', 10, 2, 3, NULL, NULL),
(3543, 0, 'December', 10, 3, 3, NULL, NULL),
(3544, 0, 'December', 10, 4, 3, NULL, NULL),
(3545, 0, 'December', 10, 5, 3, NULL, NULL),
(3546, 0, 'December', 11, 1, 3, NULL, NULL),
(3547, 0, 'December', 11, 2, 3, NULL, NULL),
(3548, 0, 'December', 11, 3, 3, NULL, NULL),
(3549, 0, 'December', 11, 4, 3, NULL, NULL),
(3550, 0, 'December', 11, 5, 3, NULL, NULL),
(3551, 0, 'December', 12, 1, 3, NULL, NULL),
(3552, 0, 'December', 12, 2, 3, NULL, NULL),
(3553, 0, 'December', 12, 3, 3, NULL, NULL),
(3554, 0, 'December', 12, 4, 3, NULL, NULL),
(3555, 0, 'December', 12, 5, 3, NULL, NULL),
(3556, 0, 'December', 13, 1, 3, NULL, NULL),
(3557, 0, 'December', 13, 2, 3, NULL, NULL),
(3558, 0, 'December', 13, 3, 3, NULL, NULL),
(3559, 0, 'December', 13, 4, 3, NULL, NULL),
(3560, 0, 'December', 13, 5, 3, NULL, NULL),
(3561, 0, 'December', 14, 1, 3, NULL, NULL),
(3562, 0, 'December', 14, 2, 3, NULL, NULL),
(3563, 0, 'December', 14, 3, 3, NULL, NULL),
(3564, 0, 'December', 14, 4, 3, NULL, NULL),
(3565, 0, 'December', 14, 5, 3, NULL, NULL),
(3566, 0, 'December', 15, 1, 3, NULL, NULL),
(3567, 0, 'December', 15, 2, 3, NULL, NULL),
(3568, 0, 'December', 15, 3, 3, NULL, NULL),
(3569, 0, 'December', 15, 4, 3, NULL, NULL),
(3570, 0, 'December', 15, 5, 3, NULL, NULL),
(3571, 0, 'December', 16, 1, 3, NULL, NULL),
(3572, 0, 'December', 16, 2, 3, NULL, NULL),
(3573, 0, 'December', 16, 3, 3, NULL, NULL),
(3574, 0, 'December', 16, 4, 3, NULL, NULL),
(3575, 0, 'December', 16, 5, 3, NULL, NULL),
(3576, 0, 'December', 17, 1, 3, NULL, NULL),
(3577, 0, 'December', 17, 2, 3, NULL, NULL),
(3578, 0, 'December', 17, 3, 3, NULL, NULL),
(3579, 0, 'December', 17, 4, 3, NULL, NULL),
(3580, 0, 'December', 17, 5, 3, NULL, NULL),
(3581, 0, 'December', 18, 1, 3, NULL, NULL),
(3582, 0, 'December', 18, 2, 3, NULL, NULL),
(3583, 0, 'December', 18, 3, 3, NULL, NULL),
(3584, 0, 'December', 18, 4, 3, NULL, NULL),
(3585, 0, 'December', 18, 5, 3, NULL, NULL),
(3586, 0, 'December', 19, 1, 3, NULL, NULL),
(3587, 0, 'December', 19, 2, 3, NULL, NULL),
(3588, 0, 'December', 19, 3, 3, NULL, NULL),
(3589, 0, 'December', 19, 4, 3, NULL, NULL),
(3590, 0, 'December', 19, 5, 3, NULL, NULL),
(3591, 0, 'December', 20, 1, 3, NULL, NULL),
(3592, 0, 'December', 20, 2, 3, NULL, NULL),
(3593, 0, 'December', 20, 3, 3, NULL, NULL),
(3594, 0, 'December', 20, 4, 3, NULL, NULL),
(3595, 0, 'December', 20, 5, 3, NULL, NULL),
(3596, 0, 'December', 21, 1, 3, NULL, NULL),
(3597, 0, 'December', 21, 2, 3, NULL, NULL),
(3598, 0, 'December', 21, 3, 3, NULL, NULL),
(3599, 0, 'December', 21, 4, 3, NULL, NULL),
(3600, 0, 'December', 21, 5, 3, NULL, NULL),
(3601, 0, 'December', 22, 1, 3, NULL, NULL),
(3602, 0, 'December', 22, 2, 3, NULL, NULL),
(3603, 0, 'December', 22, 3, 3, NULL, NULL),
(3604, 0, 'December', 22, 4, 3, NULL, NULL),
(3605, 0, 'December', 22, 5, 3, NULL, NULL),
(3606, 0, 'December', 23, 1, 3, NULL, NULL),
(3607, 0, 'December', 23, 2, 3, NULL, NULL),
(3608, 0, 'December', 23, 3, 3, NULL, NULL),
(3609, 0, 'December', 23, 4, 3, NULL, NULL),
(3610, 0, 'December', 23, 5, 3, NULL, NULL),
(3611, 0, 'December', 24, 1, 3, NULL, NULL),
(3612, 0, 'December', 24, 2, 3, NULL, NULL),
(3613, 0, 'December', 24, 3, 3, NULL, NULL),
(3614, 0, 'December', 24, 4, 3, NULL, NULL),
(3615, 0, 'December', 24, 5, 3, NULL, NULL),
(3616, 0, 'December', 25, 1, 3, NULL, NULL),
(3617, 0, 'December', 25, 2, 3, NULL, NULL),
(3618, 0, 'December', 25, 3, 3, NULL, NULL),
(3619, 0, 'December', 25, 4, 3, NULL, NULL),
(3620, 0, 'December', 25, 5, 3, NULL, NULL),
(3621, 0, 'December', 26, 1, 3, NULL, NULL),
(3622, 0, 'December', 26, 2, 3, NULL, NULL),
(3623, 0, 'December', 26, 3, 3, NULL, NULL),
(3624, 0, 'December', 26, 4, 3, NULL, NULL),
(3625, 0, 'December', 26, 5, 3, NULL, NULL),
(3626, 0, 'December', 27, 1, 3, NULL, NULL),
(3627, 0, 'December', 27, 2, 3, NULL, NULL),
(3628, 0, 'December', 27, 3, 3, NULL, NULL),
(3629, 0, 'December', 27, 4, 3, NULL, NULL),
(3630, 0, 'December', 27, 5, 3, NULL, NULL),
(3631, 0, 'December', 28, 1, 3, NULL, NULL),
(3632, 0, 'December', 28, 2, 3, NULL, NULL),
(3633, 0, 'December', 28, 3, 3, NULL, NULL),
(3634, 0, 'December', 28, 4, 3, NULL, NULL),
(3635, 0, 'December', 28, 5, 3, NULL, NULL),
(3636, 0, 'December', 29, 1, 3, NULL, NULL),
(3637, 0, 'December', 29, 2, 3, NULL, NULL),
(3638, 0, 'December', 29, 3, 3, NULL, NULL),
(3639, 0, 'December', 29, 4, 3, NULL, NULL),
(3640, 0, 'December', 29, 5, 3, NULL, NULL),
(3641, 0, 'December', 30, 1, 3, NULL, NULL),
(3642, 0, 'December', 30, 2, 3, NULL, NULL),
(3643, 0, 'December', 30, 3, 3, NULL, NULL),
(3644, 0, 'December', 30, 4, 3, NULL, NULL),
(3645, 0, 'December', 30, 5, 3, NULL, NULL),
(3646, 0, 'December', 31, 1, 3, NULL, NULL),
(3647, 0, 'December', 31, 2, 3, NULL, NULL),
(3648, 0, 'December', 31, 3, 3, NULL, NULL),
(3649, 0, 'December', 31, 4, 3, NULL, NULL),
(3650, 0, 'December', 31, 5, 3, NULL, NULL);

-- --------------------------------------------------------

--
-- Table structure for table `users`
--

CREATE TABLE `users` (
  `id` bigint(20) UNSIGNED NOT NULL,
  `name` varchar(255) COLLATE utf8mb4_unicode_ci NOT NULL,
  `email` varchar(255) COLLATE utf8mb4_unicode_ci NOT NULL,
  `email_verified_at` timestamp NULL DEFAULT NULL,
  `password` varchar(255) COLLATE utf8mb4_unicode_ci NOT NULL,
  `remember_token` varchar(100) COLLATE utf8mb4_unicode_ci DEFAULT NULL,
  `created_at` timestamp NULL DEFAULT NULL,
  `updated_at` timestamp NULL DEFAULT NULL
) ENGINE=InnoDB DEFAULT CHARSET=utf8mb4 COLLATE=utf8mb4_unicode_ci;

--
-- Dumping data for table `users`
--

INSERT INTO `users` (`id`, `name`, `email`, `email_verified_at`, `password`, `remember_token`, `created_at`, `updated_at`) VALUES
(1, 'admin', 'admin@gmail.com', NULL, '$2y$10$MLYqCrLtBzVHSwnxYMeaDeYHFQgrCVR6wOoU80l2nMDSKzo/zAcuu', NULL, '2021-01-05 03:08:28', '2021-01-05 03:08:28'),
(2, 'Ahmad Omar Bobk', 'ahmadomarbobk@gmail.com', NULL, '$2y$10$K9WoplJmYYTZONCKAjKjXOSKLayB2/k/80awL7RAfjNspFWGqaXAC', NULL, '2021-01-05 07:02:10', '2021-01-05 07:02:10'),
(3, 'Ahmad Omar Bobk', 'ahmadomarbobk@gmail.com2', NULL, '$2y$10$lkI2CK0zRSGfomwSHI/2xeRny1Ol1svP9tHS/j66SjIdYW0cTzNnK', NULL, '2021-01-05 11:23:44', '2021-01-05 11:23:44');

--
-- Indexes for dumped tables
--

--
-- Indexes for table `days`
--
ALTER TABLE `days`
  ADD PRIMARY KEY (`id`);

--
-- Indexes for table `day_month`
--
ALTER TABLE `day_month`
  ADD PRIMARY KEY (`id`),
  ADD KEY `day_month_day_id_foreign` (`day_id`),
  ADD KEY `day_month_month_id_foreign` (`month_id`);

--
-- Indexes for table `failed_jobs`
--
ALTER TABLE `failed_jobs`
  ADD PRIMARY KEY (`id`),
  ADD UNIQUE KEY `failed_jobs_uuid_unique` (`uuid`);

--
-- Indexes for table `migrations`
--
ALTER TABLE `migrations`
  ADD PRIMARY KEY (`id`);

--
-- Indexes for table `months`
--
ALTER TABLE `months`
  ADD PRIMARY KEY (`id`);

--
-- Indexes for table `password_resets`
--
ALTER TABLE `password_resets`
  ADD KEY `password_resets_email_index` (`email`);

--
-- Indexes for table `prayers`
--
ALTER TABLE `prayers`
  ADD PRIMARY KEY (`id`);

--
-- Indexes for table `prayer_user`
--
ALTER TABLE `prayer_user`
  ADD PRIMARY KEY (`id`),
  ADD KEY `prayer_user_prayer_id_foreign` (`prayer_id`),
  ADD KEY `prayer_user_user_id_foreign` (`user_id`);

--
-- Indexes for table `users`
--
ALTER TABLE `users`
  ADD PRIMARY KEY (`id`),
  ADD UNIQUE KEY `users_email_unique` (`email`);

--
-- AUTO_INCREMENT for dumped tables
--

--
-- AUTO_INCREMENT for table `days`
--
ALTER TABLE `days`
  MODIFY `id` bigint(20) UNSIGNED NOT NULL AUTO_INCREMENT, AUTO_INCREMENT=8;

--
-- AUTO_INCREMENT for table `day_month`
--
ALTER TABLE `day_month`
  MODIFY `id` bigint(20) UNSIGNED NOT NULL AUTO_INCREMENT, AUTO_INCREMENT=366;

--
-- AUTO_INCREMENT for table `failed_jobs`
--
ALTER TABLE `failed_jobs`
  MODIFY `id` bigint(20) UNSIGNED NOT NULL AUTO_INCREMENT;

--
-- AUTO_INCREMENT for table `migrations`
--
ALTER TABLE `migrations`
  MODIFY `id` int(10) UNSIGNED NOT NULL AUTO_INCREMENT, AUTO_INCREMENT=9;

--
-- AUTO_INCREMENT for table `months`
--
ALTER TABLE `months`
  MODIFY `id` bigint(20) UNSIGNED NOT NULL AUTO_INCREMENT, AUTO_INCREMENT=13;

--
-- AUTO_INCREMENT for table `prayers`
--
ALTER TABLE `prayers`
  MODIFY `id` bigint(20) UNSIGNED NOT NULL AUTO_INCREMENT, AUTO_INCREMENT=6;

--
-- AUTO_INCREMENT for table `prayer_user`
--
ALTER TABLE `prayer_user`
  MODIFY `id` bigint(20) UNSIGNED NOT NULL AUTO_INCREMENT, AUTO_INCREMENT=3651;

--
-- AUTO_INCREMENT for table `users`
--
ALTER TABLE `users`
  MODIFY `id` bigint(20) UNSIGNED NOT NULL AUTO_INCREMENT, AUTO_INCREMENT=4;

--
-- Constraints for dumped tables
--

--
-- Constraints for table `day_month`
--
ALTER TABLE `day_month`
  ADD CONSTRAINT `day_month_day_id_foreign` FOREIGN KEY (`day_id`) REFERENCES `days` (`id`) ON DELETE CASCADE ON UPDATE CASCADE,
  ADD CONSTRAINT `day_month_month_id_foreign` FOREIGN KEY (`month_id`) REFERENCES `months` (`id`) ON DELETE CASCADE ON UPDATE CASCADE;

--
-- Constraints for table `prayer_user`
--
ALTER TABLE `prayer_user`
  ADD CONSTRAINT `prayer_user_prayer_id_foreign` FOREIGN KEY (`prayer_id`) REFERENCES `prayers` (`id`) ON DELETE CASCADE ON UPDATE CASCADE,
  ADD CONSTRAINT `prayer_user_user_id_foreign` FOREIGN KEY (`user_id`) REFERENCES `users` (`id`) ON DELETE CASCADE ON UPDATE CASCADE;
COMMIT;

/*!40101 SET CHARACTER_SET_CLIENT=@OLD_CHARACTER_SET_CLIENT */;
/*!40101 SET CHARACTER_SET_RESULTS=@OLD_CHARACTER_SET_RESULTS */;
/*!40101 SET COLLATION_CONNECTION=@OLD_COLLATION_CONNECTION */;
